LineNumber	Product2.Name	Product2Id	Fortra_Product_Type__c	Quantity	UnitPrice	ListPrice	Base_Price__c	NetUnitPrice	NetTotalPrice	TotalPrice	Subtotal	TotalLineAmount	PricingTerm	PricingTermCount	PricingTermUnit	StartDate	EndDate	Pre_Partner_Price__c	PrehookRSNetUnitPrice__c	PartnerDiscountPercent	Partner_Discount_Percent__c	COLACalculatedPrice__c	COLA_Uplift_Percent__c	CancelNetUnitPrice__c
2504517	EFT 8 Continuum	01tWC00000DD1DyYAL	Subscription	1		0		0	0	0	0	0	1	1	Annual	2026-01-01	2026-12-31							
2504518	EFT 8 Continuum-NewMaintenance	01tWC00000DD1DwYAL	New Maintenance	2	0	0				0	0					2026-01-01	2026-12-31			0	0			
2504519	Remote Automation Agent - Yearly	01tWC00000DD1XPYA1	Subscription	2		0		0	0	0	0	0	1	1	Annual	2026-01-01	2026-12-31							
2504520	Advanced Authentication Modes - Yearly	01tWC00000DD11ZYAT	Subscription	2		124		0	0	0	0	0	1	1	Annual	2026-01-01	2026-12-31							
2504521	Audit & Reporting - Yearly	01tWC00000DD13eYAD	Subscription	2		1663		0	0	0	0	0	1	1	Annual	2026-01-01	2026-12-31							
2504522	AS2 Client/Server - Yearly	01tWC00000DD13PYAT	Subscription	2		7623		0	0	0	0	0	1	1	Annual	2026-01-01	2026-12-31							
2504523	Advanced Workflow Engine - Yearly	01tWC00000DD11rYAD	Subscription	2		46		0	0	0	0	0	1	1	Annual	2026-01-01	2026-12-31							
2504524	Enterprise Actions - Yearly	01tWC00000DD1HNYA1	Subscription	2		1525		0	0	0	0	0	1	1	Annual	2026-01-01	2026-12-31							
2504525	Folder Monitor - Yearly	01tWC00000DD1JmYAL	Subscription	2		1525		0	0	0	0	0	1	1	Annual	2026-01-01	2026-12-31							
2504526	Transfer Actions - Yearly	01tWC00000DCxmGYAT	Subscription	2		8907		0	0	0	0	0	1	1	Annual	2026-01-01	2026-12-31							
2504527	FTPS Server - Yearly	01tWC00000DD1LdYAL	Subscription	2		1512.5		0	0	0	0	0	1	1	Annual	2026-01-01	2026-12-31							
2504528	HTTPS Server (includes Web client) - Yearly	01tWC00000DD1PzYAL	Subscription	2		3465		0	0	0	0	0	1	1	Annual	2026-01-01	2026-12-31							
2504529	PGP Actions - Yearly	01tWC00000DD1UrYAL	Subscription	2		1525		0	0	0	0	0	1	1	Annual	2026-01-01	2026-12-31							
2504530	Regulatory Compliance - Yearly	01tWC00000DD1XJYA1	Subscription	2		3465		0	0	0	0	0	1	1	Annual	2026-01-01	2026-12-31							
2504531	SFTP Server - Yearly	01tWC00000DD1kaYAD	Subscription	2		3465		0	0	0	0	0	1	1	Annual	2026-01-01	2026-12-31							
2504532	Scheduler - Yearly	01tWC00000DD1e0YAD	Subscription	2		3125		0	0	0	0	0	1	1	Annual	2026-01-01	2026-12-31							
2504533	Workspaces - Yearly	01tWC00000DD1yDYAT	Subscription	2		0		0	0	0	0	0	1	1	Annual	2026-01-01	2026-12-31							
2504534	Arcus Hosting	01tWC00000DD11IYAT	Subscription	1		3000		0	0	0	0	0	1	1	Annual	2026-01-01	2026-12-31							
2504535	EFT 8 Continuum-NewMaintenance	01tWC00000DD1DwYAL	New Maintenance	1	0	0				0	0					2026-01-01	2026-12-31			0	0			
2504536	Remote Automation Agent - Yearly	01tWC00000DD1XPYA1	Subscription	1		0		0	0	0	0	0	1	1	Annual	2026-01-01	2026-12-31							
2504537	EFT 8 Continuum	01tWC00000DD1DyYAL	Subscription	2		0		0	0	0	0	0	1	1	Annual	2026-01-01	2026-12-31							
2504538	Advanced Authentication Modes - Yearly	01tWC00000DD11ZYAT	Subscription	1		124		0	0	0	0	0	1	1	Annual	2026-01-01	2026-12-31							
2504539	Audit & Reporting - Yearly	01tWC00000DD13eYAD	Subscription	1		1663		0	0	0	0	0	1	1	Annual	2026-01-01	2026-12-31							
2504540	AS2 Client/Server - Yearly	01tWC00000DD13PYAT	Subscription	1		7623		0	0	0	0	0	1	1	Annual	2026-01-01	2026-12-31							
2504541	Advanced Workflow Engine - Yearly	01tWC00000DD11rYAD	Subscription	1		46		0	0	0	0	0	1	1	Annual	2026-01-01	2026-12-31							
2504542	Enterprise Actions - Yearly	01tWC00000DD1HNYA1	Subscription	1		1525		0	0	0	0	0	1	1	Annual	2026-01-01	2026-12-31							
2504543	Folder Monitor - Yearly	01tWC00000DD1JmYAL	Subscription	1		1525		0	0	0	0	0	1	1	Annual	2026-01-01	2026-12-31							
2504544	Transfer Actions - Yearly	01tWC00000DCxmGYAT	Subscription	1		8907		0	0	0	0	0	1	1	Annual	2026-01-01	2026-12-31							
2504545	FTPS Server - Yearly	01tWC00000DD1LdYAL	Subscription	1		1512.5		0	0	0	0	0	1	1	Annual	2026-01-01	2026-12-31							
2504546	HTTPS Server (includes Web client) - Yearly	01tWC00000DD1PzYAL	Subscription	1		3465		0	0	0	0	0	1	1	Annual	2026-01-01	2026-12-31							
2504547	PGP Actions - Yearly	01tWC00000DD1UrYAL	Subscription	1		1525		0	0	0	0	0	1	1	Annual	2026-01-01	2026-12-31							
2504548	Regulatory Compliance - Yearly	01tWC00000DD1XJYA1	Subscription	1		3465		0	0	0	0	0	1	1	Annual	2026-01-01	2026-12-31							
2504549	SFTP Server - Yearly	01tWC00000DD1kaYAD	Subscription	1		3465		0	0	0	0	0	1	1	Annual	2026-01-01	2026-12-31							
2504550	Scheduler - Yearly	01tWC00000DD1e0YAD	Subscription	1		3125		0	0	0	0	0	1	1	Annual	2026-01-01	2026-12-31							
2504551	Arcus Hosting	01tWC00000DD11IYAT	Subscription	1		3000		0	0	0	0	0	1	1	Annual	2026-01-01	2026-12-31							
2504552	PGP Actions - Yearly-NewMaintenance	01tWC00000DD1UsYAL	New Maintenance	1	63.32	0				63.32	63.32		1		Annual	2026-01-01	2026-12-31							
2504553	Advanced Authentication Modes - Yearly-NewMaintenance	01tWC00000DD11aYAD	New Maintenance	2	143.89	0				287.78	287.78		1		Annual	2026-01-01	2026-12-31							
2504554	Regulatory Compliance - Yearly-NewMaintenance	01tWC00000DD1XKYA1	New Maintenance	1	143.89	0				143.89	143.89		1		Annual	2026-01-01	2026-12-31							
2504555	Audit & Reporting - Yearly-NewMaintenance	01tWC00000DD13fYAD	New Maintenance	2	138.14	0				276.28	276.28		1		Annual	2026-01-01	2026-12-31							
2504556	SFTP Server - Yearly-NewMaintenance	01tWC00000DD1kbYAD	New Maintenance	1	75.37	0				75.37	75.37		1		Annual	2026-01-01	2026-12-31							
2504557	AS2 Client/Server - Yearly-NewMaintenance	01tWC00000DD13OYAT	New Maintenance	2	633.14	0				1266.28	1266.28					2026-01-01	2026-12-31							
2504558	Scheduler - Yearly-NewMaintenance	01tWC00000DD1e1YAD	New Maintenance	1	34.54	0				34.54	34.54		1		Annual	2026-01-01	2026-12-31							
2504559	Advanced Workflow Engine - Yearly-NewMaintenance	01tWC00000DD11sYAD	New Maintenance	2	402.9	0				805.8	805.8		1		Annual	2026-01-01	2026-12-31							
2504560	Enterprise Actions - Yearly-NewMaintenance	01tWC00000DD1HOYA1	New Maintenance	2	126.62	0				253.24	253.24		1		Annual	2026-01-01	2026-12-31							
2504561	Folder Monitor - Yearly-NewMaintenance	01tWC00000DD1JnYAL	New Maintenance	2	126.62	0				253.24	253.24		1		Annual	2026-01-01	2026-12-31							
2504562	Transfer Actions - Yearly-NewMaintenance	01tWC00000DCxmHYAT	New Maintenance	2	230.23	0				460.46	460.46		1		Annual	2026-01-01	2026-12-31							
2504563	FTPS Server - Yearly-NewMaintenance	01tWC00000DD1LeYAL	New Maintenance	2	150.74	0				301.48	301.48		1		Annual	2026-01-01	2026-12-31							
2504564	HTTPS Server (includes Web client) - Yearly-NewMaintenance	01tWC00000DD1Q0YAL	New Maintenance	2	287.79	0				575.58	575.58		1		Annual	2026-01-01	2026-12-31							
2504565	Workspaces - Yearly	01tWC00000DD1yDYAT	Subscription	2		0		0	0	0	0	0	1	1	Annual	2026-01-01	2026-12-31							
2504566	PGP Actions - Yearly-NewMaintenance	01tWC00000DD1UsYAL	New Maintenance	2	126.62	0				253.24	253.24		1		Annual	2026-01-01	2026-12-31							
2504567	Regulatory Compliance - Yearly-NewMaintenance	01tWC00000DD1XKYA1	New Maintenance	2	287.79	0				575.58	575.58		1		Annual	2026-01-01	2026-12-31							
2504568	SFTP Server - Yearly-NewMaintenance	01tWC00000DD1kbYAD	New Maintenance	2	126.04	0				252.08	252.08		1		Annual	2026-01-01	2026-12-31							
2504569	Scheduler - Yearly-NewMaintenance	01tWC00000DD1e1YAD	New Maintenance	2	69.07	0				138.14	138.14		1		Annual	2026-01-01	2026-12-31							
2504570	Workspaces - Yearly-NewMaintenance	01tWC00000DD1yEYAT	New Maintenance	2	863.37	0				1726.74	1726.74		1		Annual	2026-01-01	2026-12-31							
2504571	Advanced Authentication Modes - Yearly-NewMaintenance	01tWC00000DD11aYAD	New Maintenance	1	71.94	0				71.94	71.94		1		Annual	2026-01-01	2026-12-31							
2504572	Audit & Reporting - Yearly-NewMaintenance	01tWC00000DD13fYAD	New Maintenance	1	69.07	0				69.07	69.07		1		Annual	2026-01-01	2026-12-31							
2504573	AS2 Client/Server - Yearly-NewMaintenance	01tWC00000DD13OYAT	New Maintenance	1	316.56	0				316.56	316.56					2026-01-01	2026-12-31							
2504574	Advanced Workflow Engine - Yearly-NewMaintenance	01tWC00000DD11sYAD	New Maintenance	1	201.45	0				201.45	201.45		1		Annual	2026-01-01	2026-12-31							
2504575	Enterprise Actions - Yearly-NewMaintenance	01tWC00000DD1HOYA1	New Maintenance	1	63.32	0				63.32	63.32		1		Annual	2026-01-01	2026-12-31							
2504576	Folder Monitor - Yearly-NewMaintenance	01tWC00000DD1JnYAL	New Maintenance	1	63.32	0				63.32	63.32		1		Annual	2026-01-01	2026-12-31							
2504577	Transfer Actions - Yearly-NewMaintenance	01tWC00000DCxmHYAT	New Maintenance	1	115.12	0				115.12	115.12		1		Annual	2026-01-01	2026-12-31							
2504578	FTPS Server - Yearly-NewMaintenance	01tWC00000DD1LeYAL	New Maintenance	1	63.02	0				63.02	63.02		1		Annual	2026-01-01	2026-12-31							
2504579	HTTPS Server (includes Web client) - Yearly-NewMaintenance	01tWC00000DD1Q0YAL	New Maintenance	1	143.89	0				143.89	143.89		1		Annual	2026-01-01	2026-12-31							
2504580	Workspaces - Yearly	01tWC00000DD1yDYAT	Subscription	1		0		0	0	0	0	0	1	1	Annual	2026-01-01	2026-12-31							
4096167	Globalscape Legacy SKU - Other	01tWC00000EBPrMYAX		1		0		0	0	0	0	0		0		2026-01-01	2026-12-31							
4096168	Globalscape Legacy SKU - Other	01tWC00000EBPrMYAX		1		0		0	0	0	0	0		0		2026-01-01	2026-12-31							
4096169	Globalscape Legacy SKU - Other	01tWC00000EBPrMYAX		1		0		0	0	0	0	0		0		2026-01-01	2026-12-31							
4096170	Globalscape Legacy SKU - Other	01tWC00000EBPrMYAX		1		0		0	0	0	0	0		0		2026-01-01	2026-12-31							
4096171	Globalscape Legacy SKU - Other	01tWC00000EBPrMYAX		1		0		0	0	0	0	0		0		2026-01-01	2026-12-31							
4096172	Globalscape Legacy SKU - Other	01tWC00000EBPrMYAX		1		0		0	0	0	0	0		0		2026-01-01	2026-12-31							
4096173	Globalscape Legacy SKU - Other	01tWC00000EBPrMYAX		1		0		0	0	0	0	0		0		2026-01-01	2026-12-31							
4096174	Globalscape Legacy SKU - Other	01tWC00000EBPrMYAX		1	11000	0	11000	11000	11000	11000	11000	11000		0		2026-01-01	2026-12-31	11000						
4096175	Globalscape Legacy SKU - Other	01tWC00000EBPrMYAX		1	4000	0	4000	4000	4000	4000	4000	4000		0		2026-01-01	2026-12-31	4000						
