Id,Name,StockKeepingUnit
01tWC00000FBhH7YAL,5250 Integrator (Technical)-NewMaintenance,
01tWC00000FCG1xYAH,A la Carte Menu and Security System (Technical)-NewMaintenance,
01tWC00000FBezCYAT,Abstract (Technical)-NewMaintenance,
01tWC00000FCQQBYA5,ActiveMetrics Enterprise Edition (Technical)-NewMaintenance,
01tWC00000DD11MYAT,ActiveMetrics Enterprise Edition-NewMaintenance,
01tWC00000FCQQEYA5,ActiveMetrics Enterprise Plus Edition (Technical)-NewMaintenance,
01tWC00000DD11PYAT,ActiveMetrics Enterprise Plus Edition-NewMaintenance,
01tWC00000FBb5JYAT,Advanced Authentication Modes - Yearly (Technical)-NewMaintenance,
01tWC00000FBb5GYAT,Advanced Authentication Modes (Technical)-NewMaintenance,
01tWC00000FCG20YAH,Advanced Job Scheduler (Technical)-NewMaintenance,
01tWC00000FCG24YAH,Advanced Reporting Suite (Technical)-NewMaintenance,
01tWC00000FCG28YAH,Advanced Reporting Suite License (Technical)-NewMaintenance,
01tWC00000FBb5LYAT,Advanced Security Module ASM (Technical)-NewMaintenance,
01tWC00000FBb5PYAT,Advanced Workflow Engine - Yearly (Technical)-NewMaintenance,
01tWC00000FBb5MYAT,Advanced Workflow Engine (Technical)-NewMaintenance,
01tWC00000FBhHBYA1,AFP Converter (Technical)-NewMaintenance,
01tWC00000FCG2CYAX,AIX on Power (Technical)-NewMaintenance,
01tWC00000FCG2GYAX,AIX STD (Technical)-NewMaintenance,
01tWC00000FCG2JYAX,Alert Intelligence (Technical)-NewMaintenance,
01tWC00000FCG2NYAX,Alignia - Batch Process (Technical)-NewMaintenance,
01tWC00000FCG2RYAX,Alignia - Business Application (Technical)-NewMaintenance,
01tWC00000FCG2VYAX,Alignia - Business Consumers (Technical)-NewMaintenance,
01tWC00000FCG2ZYAX,Alignia - Business Process (Technical)-NewMaintenance,
01tWC00000FCG2dYAH,Alignia - Business Service Instance (Technical)-NewMaintenance,
01tWC00000FCG2hYAH,Alignia - Continuous Process (Technical)-NewMaintenance,
01tWC00000FCDleYAH,Alignia - Control Point (Technical)-NewMaintenance,
01tWC00000FCDliYAH,Alignia - Core (Technical)-NewMaintenance,
01tWC00000FCDlnYAH,Alignia - Engine (Technical)-NewMaintenance,
01tWC00000FCDlrYAH,Alignia - External Service (Technical)-NewMaintenance,
01tWC00000FCDlvYAH,Alignia - Internal Service (Technical)-NewMaintenance,
01tWC00000FCDlzYAH,Alignia - Online Business Service (Technical)-NewMaintenance,
01tWC00000FCDm3YAH,Alignia - Task (Technical)-NewMaintenance,
01tWC00000FCDm7YAH,Alignia - Task Instance (Technical)-NewMaintenance,
01tWC00000FCDmBYAX,Alignia Core (Technical)-NewMaintenance,
01tWC00000FBezGYAT,AnyDate (Technical)-NewMaintenance,
01tWC00000FBfckYAD,Application System & Object Control (Technical)-NewMaintenance,
01tWC00000FBb5SYAT,AS2 Client/Server - Yearly (Technical)-NewMaintenance,
01tWC00000FBb5QYAT,AS2 Client/Server (Technical)-NewMaintenance,
01tWC00000FCQQKYA5,Aspect Communications IVR Software (Technical)-NewMaintenance,
01tWC00000DD13QYAT,Aspect Communications IVR Software-NewMaintenance,
01tWC00000FBXxmYAH,ATP (Technical)-NewMaintenance,
01tWC00000DD13VYAT,ATP-NewMaintenance,
01tWC00000FBb5XYAT,Audit & Reporting - Yearly (Technical)-NewMaintenance,
01tWC00000FBb5UYAT,Audit & Reporting (Technical)-NewMaintenance,
01tWC00000FCDmFYAX,Audit Journal Manager (Technical)-NewMaintenance,
01tWC00000FCDmJYAX,Authority Swapper (Technical)-NewMaintenance,
01tWC00000FCQQPYA5,Automate Desktop (Technical)-NewMaintenance,
01tWC00000FCQQTYA5,Automate Enterprise (Technical)-NewMaintenance,
01tWC00000FCQQXYA5,Automate Enterprise Agent (Technical)-NewMaintenance,
01tWC00000FCQQbYAP,Automate Enterprise Developer Tools (Technical)-NewMaintenance,
01tWC00000FCQQgYAP,Automate Full/Premium (Technical)-NewMaintenance,
01tWC00000FCPSZYA5,Automate Intelligent Capture (Technical)-NewMaintenance,
01tWC00000FCPSaYAP,Automate Maintenance Add Ons (Technical)-NewMaintenance,
01tWC00000FCPSfYAP,Automate OEM Royalty (Technical)-NewMaintenance,
01tWC00000FCPSkYAP,Automate Ops Console (Technical)-NewMaintenance,
01tWC00000FCPSoYAP,Automate Plus (Technical)-NewMaintenance,
01tWC00000FCPSuYAP,Automate Professional (Technical)-NewMaintenance,
01tWC00000FCPSyYAP,Automate Professional Action Pack (Technical)-NewMaintenance,
01tWC00000FCPT5YAP,Automate Runtime (Technical)-NewMaintenance,
01tWC00000FCPTAYA5,Automate Ultimate (Technical)-NewMaintenance,
01tWC00000FBhHFYA1,Batch Import Utility (Technical)-NewMaintenance,
01tWC00000FBhHJYA1,Batch Report Server (Technical)-NewMaintenance,
01tWC00000FCDmNYAX,"BUNDLE - Message, Monitor, Remote Control (Technical)-NewMaintenance",
01tWC00000FBezKYAT,Business Intelligence - New Maintenance (Technical)-NewMaintenance,
01tWC00000FBK1DYAX,CAD Classifier (Technical)-NewMaintenance,
01tWC00000DD15WYAT,CAD Classifier-NewMaintenance,
01tWC00000FBXuTYAX,Capability Checker (Technical)-NewMaintenance,
01tWC00000DD15aYAD,Capability Checker-NewMaintenance,
01tWC00000FCNYrYAP,Capacity Management - New Maintenance (Technical)-NewMaintenance,
01tWC00000FCGCSYA5,Capacity Planning with Performance Navigator (Technical)-NewMaintenance,
01tWC00000FBYsuYAH,CCM - EVAL (Technical)-NewMaintenance,
01tWC00000FBYsvYAH,CCM - Scan Engine - EVAL (Technical)-NewMaintenance,
01tWC00000FBYsBYAX,CCM for Network Devices (Technical)-NewMaintenance,
01tWC00000FBYsFYAX,CCM for Servers (Technical)-NewMaintenance,
01tWC00000FBYsJYAX,CCM for Single Purpose Devices (Technical)-NewMaintenance,
01tWC00000FBYsNYAX,CCM for Workstations (Technical)-NewMaintenance,
01tWC00000FCNYtYAP,CCM Level 1 - PS APP MODULE (Technical)-NewMaintenance,
01tWC00000DD16AYAT,CCM Level 1 - PS APP MODULE-NewMaintenance,
01tWC00000FBYsRYAX,CCM Limited Management Server (Technical)-NewMaintenance,
01tWC00000FBYsVYAX,CCM Limited Scan Engine (Technical)-NewMaintenance,
01tWC00000FBYsZYAX,CCM Management Server (Technical)-NewMaintenance,
01tWC00000FBYseYAH,CCM Scan Engine (Technical)-NewMaintenance,
01tWC00000FCGCYYA5,CD Builder (Technical)-NewMaintenance,
01tWC00000FCGCcYAP,CGI Suite (Technical)-NewMaintenance,
01tWC00000FBezMYAT,Change Data Capture Module (Technical)-NewMaintenance,
01tWC00000FBezQYAT,Change Management (Technical)-NewMaintenance,
01tWC00000FCNYwYAP,Claims Metrics (Technical)-NewMaintenance,
01tWC00000DD16sYAD,Claims Metrics-NewMaintenance,
01tWC00000FBK1HYAX,Classification for Desktop (Technical)-NewMaintenance,
01tWC00000FBK1KYAX,Classification for Desktop & Message Classification & Classification for Office Bundle (Technical)-NewMaintenance,
01tWC00000DD16yYAD,Classification for Desktop & Message Classification & Classification for Office Bundle-NewMaintenance,
01tWC00000FBK1vYAH,Classification for Desktop & Message Classification Enterprise & Classification for Office Enterprise Bundle (Technical)-NewMaintenance,
01tWC00000DD16vYAD,Classification for Desktop-NewMaintenance,
01tWC00000FBK1OYAX,Classification for Office (Technical)-NewMaintenance,
01tWC00000FBK1RYAX,Classification for Office & Classification for Desktop Bundle (Technical)-NewMaintenance,
01tWC00000DD175YAD,Classification for Office & Classification for Desktop Bundle-NewMaintenance,
01tWC00000FBK1yYAH,Classification for Office Ultra & Message Classification Bundle (Technical)-NewMaintenance,
01tWC00000FBK1UYAX,Classification for Office Ultra & Message Classification Ultra Bundle (Technical)-NewMaintenance,
01tWC00000DD178YAD,Classification for Office Ultra & Message Classification Ultra Bundle-NewMaintenance,
01tWC00000DD172YAD,Classification for Office-NewMaintenance,
01tWC00000FBK1YYAX,Classifier Essentials (Technical)-NewMaintenance,
01tWC00000DD17CYAT,Classifier Essentials-NewMaintenance,
01tWC00000FBK1dYAH,Classifier for McAfee (Technical)-NewMaintenance,
01tWC00000DD17HYAT,Classifier for McAfee-NewMaintenance,
01tWC00000FBK1hYAH,Classifier Reporting (Technical)-NewMaintenance,
01tWC00000DD17LYAT,Classifier Reporting-NewMaintenance,
01tWC00000FBYSZYA5,Clearswift SECURE Email Gateway (Kaspersky AV) (Technical)-NewMaintenance,
01tWC00000DD10XYAT,Clearswift SECURE Email Gateway (Kaspersky AV)-NewMaintenance,
01tWC00000FBb5dYAD,Cloud Connector Actions - Yearly (Technical)-NewMaintenance,
01tWC00000FBb5aYAD,Cloud Connector Actions (Technical)-NewMaintenance,
01tWC00000FBb5eYAD,Cloud Connector Module CCM (Technical)-NewMaintenance,
01tWC00000FBLaUYAX,Cobalt Strike (Technical)-NewMaintenance,
01tWC00000DD10mYAD,Cobalt Strike-NewMaintenance,
01tWC00000FBb60YAD,Collaboration Bundle (Technical)-NewMaintenance,
01tWC00000FBfcoYAD,Compliance Center for i (Technical)-NewMaintenance,
01tWC00000FBhHNYA1,Comprehensive Bundle (Technical)-NewMaintenance,
01tWC00000FBhHQYA1,Comprehensive i Bundle (Technical)-NewMaintenance,
01tWC00000FCNYzYAP,Core Access (Technical)-NewMaintenance,
01tWC00000FCNZ3YAP,Core Access Assurance Suite (Technical)-NewMaintenance,
01tWC00000DD18JYAT,Core Access Assurance Suite-NewMaintenance,
01tWC00000FCNZ7YAP,Core Access Insight (Technical)-NewMaintenance,
01tWC00000DD18NYAT,Core Access Insight-NewMaintenance,
01tWC00000DD18FYAT,Core Access-NewMaintenance,
01tWC00000FCNZAYA5,Core Certify (Technical)-NewMaintenance,
01tWC00000DD18QYAT,Core Certify-NewMaintenance,
01tWC00000FCNZDYA5,Core Compliance (Technical)-NewMaintenance,
01tWC00000DD18TYAT,Core Compliance-NewMaintenance,
01tWC00000FCNZHYA5,Core Connector Framework (RDK) (Technical)-NewMaintenance,
01tWC00000DD18XYAT,Core Connector Framework (RDK)-NewMaintenance,
01tWC00000FCNZLYA5,Core Connector Library (Technical)-NewMaintenance,
01tWC00000DD18bYAD,Core Connector Library-NewMaintenance,
01tWC00000FCNZPYA5,Core IGA (Technical)-NewMaintenance,
01tWC00000FBLafYAH,Core Impact (Technical)-NewMaintenance,
01tWC00000DD18pYAD,Core Impact-NewMaintenance,
01tWC00000FCNZYYA5,Core Password (Technical)-NewMaintenance,
01tWC00000DD18sYAD,Core Password-NewMaintenance,
01tWC00000FCUerYAH,Core Provisioning (Technical)-NewMaintenance,
01tWC00000DD18wYAD,Core Provisioning-NewMaintenance,
01tWC00000FCUevYAH,Core Role Designer (Technical)-NewMaintenance,
01tWC00000DD190YAD,Core Role Designer-NewMaintenance,
01tWC00000FBb5jYAD,Core Server Bundle (Technical)-NewMaintenance,
01tWC00000FCGCgYAP,Costco Suite (Technical)-NewMaintenance,
01tWC00000FBhHUYA1,CSV Converter (Technical)-NewMaintenance,
01tWC00000FBhHYYA1,Custom Bundle (Technical)-NewMaintenance,
01tWC00000FBYT9YAP,CuteFTP 9 (Technical)-NewMaintenance,
01tWC00000FBfcsYAD,Cybersecurity (Technical)-NewMaintenance,
01tWC00000FBezUYAT,Data Acquisition (Technical)-NewMaintenance,
01tWC00000FBK1lYAH,Data Classification (Technical)-NewMaintenance,
01tWC00000DD19cYAD,Data Classification-NewMaintenance,
01tWC00000FBhHcYAL,Data Export/400 - Legacy (Technical)-NewMaintenance,
01tWC00000FCI61YAH,Data Monitor for iSeries Base (Changes) (Technical) (Technical)-NewMaintenance,
01tWC00000FCGCnYAP,Data Monitor for iSeries Base (Changes) (Technical)-NewMaintenance,
01tWC00000FCI5TYAX,Data Monitor for iSeries Base (Changes) (Technical)-NewMaintenance,
01tWC00000FCI5xYAH,Data Monitor for iSeries Base (Technical) (Technical)-NewMaintenance,
01tWC00000FCI5PYAX,Data Monitor for iSeries Base (Technical)-NewMaintenance,
01tWC00000FCGCjYAP,Data Monitor for iSeries Base (Technical)-NewMaintenance,
01tWC00000FCI65YAH,Data Monitor for iSeries Base Changes (Technical) (Technical)-NewMaintenance,
01tWC00000FCI5XYAX,Data Monitor for iSeries Base Changes (Technical)-NewMaintenance,
01tWC00000FCGCrYAP,Data Monitor for iSeries Base Changes (Technical)-NewMaintenance,
01tWC00000FCI69YAH,Data Monitor for iSeries Reads (Technical) (Technical)-NewMaintenance,
01tWC00000FCGCvYAP,Data Monitor for iSeries Reads (Technical)-NewMaintenance,
01tWC00000FCI5bYAH,Data Monitor for iSeries Reads (Technical)-NewMaintenance,
01tWC00000FBXxvYAH,Data Protection (Technical)-NewMaintenance,
01tWC00000FBYSdYAP,Data Redaction For Secure Email Gateway (Technical)-NewMaintenance,
01tWC00000DD1A9YAL,Data Redaction For Secure Email Gateway-NewMaintenance,
01tWC00000FBYYrYAP,Data Redaction For SECURE Exchange Gateway (Technical)-NewMaintenance,
01tWC00000DD1ADYA1,Data Redaction For SECURE Exchange Gateway-NewMaintenance,
01tWC00000FBYddYAH,Data Redaction For SECURE ICAP Gateway (Technical)-NewMaintenance,
01tWC00000FBYdhYAH,Data Redaction For SECURE ICAP Gateway Per Instance (Technical)-NewMaintenance,
01tWC00000DD1ALYA1,Data Redaction For SECURE ICAP Gateway Per Instance-NewMaintenance,
01tWC00000DD1AHYA1,Data Redaction For SECURE ICAP Gateway-NewMaintenance,
01tWC00000FBYk5YAH,Data Redaction For SECURE Web Gateway (Technical)-NewMaintenance,
01tWC00000DD1APYA1,Data Redaction For SECURE Web Gateway-NewMaintenance,
01tWC00000FBezYYAT,Data Set View Builder (Technical)-NewMaintenance,
01tWC00000FBhHfYAL,Data Transfer/400 - Legacy (Technical)-NewMaintenance,
01tWC00000FBhHiYAL,DataImport (Technical)-NewMaintenance,
01tWC00000FBX3KYAX,DCS for Windows and OWA (Technical)-NewMaintenance,
01tWC00000DD1AlYAL,DCS for Windows and OWA-NewMaintenance,
01tWC00000FBX3NYAX,DCS for Windows and SharePoint MDS (Technical)-NewMaintenance,
01tWC00000DD1AoYAL,DCS for Windows and SharePoint MDS-NewMaintenance,
01tWC00000FBX3QYAX,DCS Plus (Technical)-NewMaintenance,
01tWC00000DD1ArYAL,DCS Plus-NewMaintenance,
01tWC00000FBhHmYAL,DealerTrack Bundle - Legacy (Technical)-NewMaintenance,
01tWC00000FBhHpYAL,DealerTrack Bundle (Technical)-NewMaintenance,
01tWC00000FBhHsYAL,DeliverNow (Technical)-NewMaintenance,
01tWC00000FBezcYAD,Deployment Bundle (Technical)-NewMaintenance,
01tWC00000FBfcvYAD,DetectIT (Technical)-NewMaintenance,
01tWC00000FBZDsYAP,Device Profiler 700 (Technical)-NewMaintenance,
01tWC00000DD20YYAT,Device Profiler 700-NewMaintenance,
01tWC00000FBZDHYA5,Device Profiler Ev (Technical)-NewMaintenance,
01tWC00000FBZDLYA5,Device Profiler Ev Express (Technical)-NewMaintenance,
01tWC00000FBZDPYA5,Device Profiler Ev Limited (Technical)-NewMaintenance,
01tWC00000FBZDTYA5,Device Profiler Ev Non-Transferable Unlimited Use (Technical)-NewMaintenance,
01tWC00000FBXy5YAH,DG Management Console (Technical)-NewMaintenance,
01tWC00000DD1BhYAL,DG Management Console-NewMaintenance,
01tWC00000FBXy9YAH,DG NDLP Appliance (Technical)-NewMaintenance,
01tWC00000FBXyDYAX,DG VM (Technical)-NewMaintenance,
01tWC00000DD1BpYAL,DG VM-NewMaintenance,
01tWC00000FBXyHYAX,Digital Guardian Platinum (Technical)-NewMaintenance,
01tWC00000DD1BuYAL,Digital Guardian Platinum-NewMaintenance,
01tWC00000FBXxjYAH,Digital Guardian Software (Technical)-NewMaintenance,
01tWC00000DD10VYAT,Digital Guardian Software-NewMaintenance,
01tWC00000FBYShYAP,Digital Rights Management for Email Gateway (Powered by Seclore) (Technical)-NewMaintenance,
01tWC00000DD1ByYAL,Digital Rights Management for Email Gateway (Powered by Seclore)-NewMaintenance,
01tWC00000FCGCzYAP,Disk Space Manager (Technical)-NewMaintenance,
01tWC00000FBXyNYAX,DLP (Technical)-NewMaintenance,
01tWC00000DD1CAYA1,DLP-NewMaintenance,
01tWC00000FBb5xYAD,DMZ Gateway 3 - Single Site (Technical)-NewMaintenance,
01tWC00000FBb5oYAD,DMZ Gateway 3 Single Site (Technical)-NewMaintenance,
01tWC00000FBb5qYAD,DMZ Gateway Enterprise (Technical)-NewMaintenance,
01tWC00000FBbA9YAL,DMZ Gateway Enterprise 3 - Multi-Site (Technical)-NewMaintenance,
01tWC00000FBbABYA1,DMZ Gateway Enterprise 3 - Multi-Site Upgrade (Technical)-NewMaintenance,
01tWC00000FBYjTYAX,DMZ Gateway Enterprise 3 (Technical)-NewMaintenance,
01tWC00000FBYjUYAX,DMZ Gateway Single Site (Technical)-NewMaintenance,
01tWC00000FBhx7YAD,Doc Management (Technical)-NewMaintenance,
01tWC00000FBhx9YAD,Doc Management Bundle (Technical)-NewMaintenance,
01tWC00000FBhxCYAT,Doc Management Legacy Product (Technical)-NewMaintenance,
01tWC00000FBhxMYAT,DocAlpha Advanced Capture - Header Footer (Technical)-NewMaintenance,
01tWC00000FBhxPYAT,DocAlpha Advanced Capture - Line Item (Technical)-NewMaintenance,
01tWC00000FBhxSYAT,DocAlpha Concurrent Seat License (Technical)-NewMaintenance,
01tWC00000FBhxVYAT,DocAlpha Invoice Capture Header/Footer (Technical)-NewMaintenance,
01tWC00000FBhxYYAT,DocAlpha Invoice Capture Line Item (Technical)-NewMaintenance,
01tWC00000FBhxbYAD,DocAlpha Output Connector (Technical)-NewMaintenance,
01tWC00000FBhxeYAD,docAlpha(Artsyl) (Technical)-NewMaintenance,
01tWC00000FCGD3YAP,Document Management System (Technical)-NewMaintenance,
01tWC00000FBYSlYAP,Document Sanitization For SECURE Email Gateway (Technical)-NewMaintenance,
01tWC00000DD1D8YAL,Document Sanitization For SECURE Email Gateway-NewMaintenance,
01tWC00000FBYYvYAP,Document Sanitization For SECURE Exchange Gateway (Technical)-NewMaintenance,
01tWC00000DD1DCYA1,Document Sanitization For SECURE Exchange Gateway-NewMaintenance,
01tWC00000FBYdlYAH,Document Sanitization For SECURE ICAP Gateway (Technical)-NewMaintenance,
01tWC00000FBYdpYAH,Document Sanitization For SECURE ICAP Gateway Per Instance (Technical)-NewMaintenance,
01tWC00000DD1DKYA1,Document Sanitization For SECURE ICAP Gateway Per Instance-NewMaintenance,
01tWC00000DD1DGYA1,Document Sanitization For SECURE ICAP Gateway-NewMaintenance,
01tWC00000FBYk9YAH,Document Sanitization For SECURE Web Gateway (Technical)-NewMaintenance,
01tWC00000DD1DMYA1,Document Sanitization For SECURE Web Gateway-NewMaintenance,
01tWC00000FBhxjYAD,Domino Report Server (Technical)-NewMaintenance,
01tWC00000FBhxnYAD,Download Conv Bund Basic (Technical)-NewMaintenance,
01tWC00000FBZDuYAP,DP Ev - EVAL (Technical)-NewMaintenance,
01tWC00000FBXuWYAX,Draft & Release (Technical)-NewMaintenance,
01tWC00000DD1DcYAL,Draft & Release-NewMaintenance,
01tWC00000FBY0KYAX,DV&C (Technical)-NewMaintenance,
01tWC00000DD1DgYAL,DV&C-NewMaintenance,
01tWC00000FBXuZYAX,E-tracker (Technical)-NewMaintenance,
01tWC00000DD1DkYAL,E-tracker-NewMaintenance,
01tWC00000FCGD7YAP,Easy View (Technical)-NewMaintenance,
01tWC00000FBYjzYAH,EFT 7 Enterprise (Technical)-NewMaintenance,
01tWC00000FBYk1YAH,EFT 7 Express (Technical)-NewMaintenance,
01tWC00000FBYk3YAH,EFT 7 Express Upgrade (Technical)-NewMaintenance,
01tWC00000FBYjZYAX,EFT 8 Continuum (Technical)-NewMaintenance,
01tWC00000FBYjcYAH,EFT 8 Enterprise (Technical)-NewMaintenance,
01tWC00000FBYjfYAH,EFT 8 Express (Technical)-NewMaintenance,
01tWC00000FBbADYA1,EFT Accelerate (Technical)-NewMaintenance,
01tWC00000FBYjmYAH,EFT Advanced Workflow Engine (AWE) Module (Technical)-NewMaintenance,
01tWC00000FBYjoYAH,EFT Advanced Workflow Engine AWE Module (Technical)-NewMaintenance,
01tWC00000FBYjqYAH,EFT ARM Module (Technical)-NewMaintenance,
01tWC00000FBYjsYAH,EFT AS2 Module (Technical)-NewMaintenance,
01tWC00000FBYjwYAH,EFT ASM Module (Technical)-NewMaintenance,
01tWC00000FBbhxYAD,EFT Auditing & Reporting Module (ARM) (Technical)-NewMaintenance,
01tWC00000FBbhzYAD,EFT Auditing & Reporting Module ARM (Technical)-NewMaintenance,
01tWC00000FBbi1YAD,EFT AWE Module (Technical)-NewMaintenance,
01tWC00000FBbi3YAD,EFT BAM Module (Technical)-NewMaintenance,
01tWC00000FBbi5YAD,EFT BAM Portal (Technical)-NewMaintenance,
01tWC00000FBbifYAD,EFT Business Activity Monitor (BAM) (Technical)-NewMaintenance,
01tWC00000FBbiAYAT,EFT Business Activity Monitor BAM (Technical)-NewMaintenance,
01tWC00000FBbiCYAT,EFT Continuum BAM Portal (Technical)-NewMaintenance,
01tWC00000FBbiEYAT,EFT Continuum Business Activity Monitor (BAM) (Technical)-NewMaintenance,
01tWC00000FBbiIYAT,EFT Enterprise (Technical)-NewMaintenance,
01tWC00000FBbiNYAT,EFT Express (Technical)-NewMaintenance,
01tWC00000FBbiPYAT,EFT Express ARM (Technical)-NewMaintenance,
01tWC00000FBbiRYAT,EFT Express Auditing & Reporting Module ARM (Technical)-NewMaintenance,
01tWC00000FBbiUYAT,EFT Express DMZ Gateway (Technical)-NewMaintenance,
01tWC00000FBbiYYAT,EFT Express DMZ Gateway Multi-Site (Technical)-NewMaintenance,
01tWC00000FBbibYAD,EFT Express ESM (Technical)-NewMaintenance,
01tWC00000FBcqvYAD,EFT Express MTC (Technical)-NewMaintenance,
01tWC00000FBcqxYAD,EFT Express OpenPGP Module (Technical)-NewMaintenance,
01tWC00000FBcr1YAD,EFT Express Security Module ESM (Technical)-NewMaintenance,
01tWC00000FBcr4YAD,EFT Express Workspaces (Technical)-NewMaintenance,
01tWC00000FBcr8YAD,EFT Express WSM Module (Technical)-NewMaintenance,
01tWC00000FBcrAYAT,EFT File Transfer Client Module FTC (Technical)-NewMaintenance,
01tWC00000FBcrDYAT,EFT FM Module (Technical)-NewMaintenance,
01tWC00000FBcrFYAT,EFT Folder Monitor Module FMM (Technical)-NewMaintenance,
01tWC00000FBcrIYAT,EFT FTC Module (Technical)-NewMaintenance,
01tWC00000FBcrKYAT,EFT HSM Module (Technical)-NewMaintenance,
01tWC00000FBcrLYAT,EFT HTTP/S Module (Technical)-NewMaintenance,
01tWC00000FBcreYAD,EFT Insight Module (Technical)-NewMaintenance,
01tWC00000FBcrSYAT,EFT MTC (Technical)-NewMaintenance,
01tWC00000FBcrUYAT,EFT OpenPGP Module (Technical)-NewMaintenance,
01tWC00000FBcrgYAD,EFT Remote Agent Module (RAM) (Technical)-NewMaintenance,
01tWC00000FBcrZYAT,EFT Remote Agent Module (Technical)-NewMaintenance,
01tWC00000FBd0bYAD,EFT Remote Agent Module RAM (Technical)-NewMaintenance,
01tWC00000FBd0cYAD,EFT SAT Module (Technical)-NewMaintenance,
01tWC00000FBd1FYAT,EFT Secure Mobile Access Module (SMAM) (Technical)-NewMaintenance,
01tWC00000FBd0hYAD,EFT Server Migration Tools Custom Solution (Technical)-NewMaintenance,
01tWC00000FBd0lYAD,EFT SFTP Module (Technical)-NewMaintenance,
01tWC00000FBd0nYAD,EFT SFTP SSH2 Module (Technical)-NewMaintenance,
01tWC00000FBd0rYAD,EFT SMB Web Client (Technical)-NewMaintenance,
01tWC00000FBd1IYAT,EFT SMB Web Client WTC 10 Seats (Technical)-NewMaintenance,
01tWC00000FBd1KYAT,EFT SMB Web Client WTC 50 Seats (Technical)-NewMaintenance,
01tWC00000FBd0wYAD,EFT TE Module (Technical)-NewMaintenance,
01tWC00000FBd0yYAD,EFT Timer Event Module TEM (Technical)-NewMaintenance,
01tWC00000FBd13YAD,EFT Workspaces (Technical)-NewMaintenance,
01tWC00000FBd17YAD,EFT Workspaces (WSM) (Technical)-NewMaintenance,
01tWC00000FBd1AYAT,EFT WTC (Technical)-NewMaintenance,
01tWC00000FCFYxYAP,Electronic Forms License (Technical)-NewMaintenance,
01tWC00000FCFZ0YAP,Email Dist Bundle Basic (Technical)-NewMaintenance,
01tWC00000FCFZ3YAP,Email File Server - Legacy (Technical)-NewMaintenance,
01tWC00000FCFZ6YAP,Email Monitor (Technical)-NewMaintenance,
01tWC00000FCFZAYA5,Email Report Distribution Bundle PC (Technical)-NewMaintenance,
01tWC00000FCFZDYA5,Email Report Server (Technical)-NewMaintenance,
01tWC00000FBYSrYAP,Email Security (Technical)-NewMaintenance,
01tWC00000FBezgYAD,Enhanced Data Sources (Technical)-NewMaintenance,
01tWC00000FBezkYAD,Enhanced ESEND for SMB Pricing - Per User (Technical)-NewMaintenance,
01tWC00000FBezoYAD,Enhanced ETL (Technical)-NewMaintenance,
01tWC00000FBezsYAD,Enhanced Metadata Management (Technical)-NewMaintenance,
01tWC00000FBd1EYAT,Enterprise Actions - Yearly (Technical)-NewMaintenance,
01tWC00000FBd1BYAT,Enterprise Actions (Technical)-NewMaintenance,
01tWC00000FCD0vYAH,Enterprise Console (Technical)-NewMaintenance,
01tWC00000FCFZHYA5,Enterprise Fax (Technical)-NewMaintenance,
01tWC00000FCFZLYA5,Enterprise Workflow - Legacy (Technical)-NewMaintenance,
01tWC00000FCFZOYA5,Enterprise Workflow Lite - Legacy (Technical)-NewMaintenance,
01tWC00000FBezwYAD,Esend (Technical)-NewMaintenance,
01tWC00000FBXucYAH,Exchange Capability Checker (Technical)-NewMaintenance,
01tWC00000DD1HmYAL,Exchange Capability Checker-NewMaintenance,
01tWC00000FBX3WYAX,Exchange Classifier (Technical)-NewMaintenance,
01tWC00000DD1HpYAL,Exchange Classifier-NewMaintenance,
01tWC00000FBZDXYA5,File Integrity Manager for Databases (Technical)-NewMaintenance,
01tWC00000FBZDbYAP,File Integrity Manager for Desktops (Technical)-NewMaintenance,
01tWC00000FBZDfYAP,File Integrity Manager for Directory Services (Technical)-NewMaintenance,
01tWC00000FBZDjYAP,File Integrity Manager for File Systems (Technical)-NewMaintenance,
01tWC00000FBZPGYA5,"File Integrity Manager for Large Stores w/ND & DB (up to 75 FS, 75 ND & 1 DB) (Technical)-NewMaintenance",
01tWC00000FBZPJYA5,File Integrity Manager for Mid-Size Stores (up to 20 FS) (Technical)-NewMaintenance,
01tWC00000FBZPNYA5,File Integrity Manager for Network Devices (Technical)-NewMaintenance,
01tWC00000FBZPSYA5,File Integrity Manager for POS End Point Systems (Technical)-NewMaintenance,
01tWC00000FBZPXYA5,File Integrity Manager for POS Servers (Technical)-NewMaintenance,
01tWC00000FBZPbYAP,File Integrity Manager for Small Stores (up to 5 FIM-FS) (Technical)-NewMaintenance,
01tWC00000FBZPeYAP,"File Integrity Manager for Small Stores w/ND & DB (up to 5 FS, 5 ND & 1 DB) (Technical)-NewMaintenance",
01tWC00000FBZPiYAP,File Integrity Manager for VMware ESX (Technical)-NewMaintenance,
01tWC00000FBdDVYA1,FileCatalyst (Technical)-NewMaintenance,
01tWC00000FBdDXYA1,FileCatalyst Central (Technical)-NewMaintenance,
01tWC00000FBdDbYAL,FileCatalyst Central Additional Nodes (Technical)-NewMaintenance,
01tWC00000FBdDiYAL,FileCatalyst Concurrent Connections (Technical)-NewMaintenance,
01tWC00000FBdDmYAL,FileCatalyst Concurrent Connections Additional (Technical)-NewMaintenance,
01tWC00000FBdDqYAL,FileCatalyst Development Kit (Technical)-NewMaintenance,
01tWC00000FBdDuYAL,FileCatalyst Direct (Technical)-NewMaintenance,
01tWC00000FBdE0YAL,FileCatalyst Hotfolder for Automation (Technical)-NewMaintenance,
01tWC00000FBdE5YAL,FileCatalyst Load Balancer (Technical)-NewMaintenance,
01tWC00000FBdE9YAL,FileCatalyst Reverse Proxy (Technical)-NewMaintenance,
01tWC00000FBdEEYA1,FileCatalyst TransferAgent - Web Integration Kit (Technical)-NewMaintenance,
01tWC00000FBdqDYAT,FileCatalyst Workflow (Technical)-NewMaintenance,
01tWC00000FBdqHYAT,FileCatalyst Workflow Acceleration (Technical)-NewMaintenance,
01tWC00000FBZPmYAP,"FIM for Mid-Size Stores w/ND & DB (up to 20 FS, 20 ND & 1 DB) (Technical)-NewMaintenance",
01tWC00000FBXufYAH,Fire and Forget (Technical)-NewMaintenance,
01tWC00000DD1JgYAL,Fire and Forget-NewMaintenance,
01tWC00000FCUezYAH,Flow Exporters (Technical)-NewMaintenance,
01tWC00000DD1JjYAL,Flow Exporters-NewMaintenance,
01tWC00000FBd5UYAT,Folder Monitor - Yearly (Technical)-NewMaintenance,
01tWC00000FBd5RYAT,Folder Monitor (Technical)-NewMaintenance,
01tWC00000FCFZRYA5,Formdocs License (Technical)-NewMaintenance,
01tWC00000FBXuiYAH,Forms (Technical)-NewMaintenance,
01tWC00000DD1JrYAL,Forms-NewMaintenance,
01tWC00000FBX3aYAH,Fortra Classifier Suite Essentials (Technical)-NewMaintenance,
01tWC00000DD1JwYAL,Fortra Classifier Suite Essentials-NewMaintenance,
01tWC00000FBX3eYAH,Fortra Classifier Suite Plus (Technical)-NewMaintenance,
01tWC00000DD1K0YAL,Fortra Classifier Suite Plus-NewMaintenance,
01tWC00000FBX3yYAH,"Fortra DCS ""Advance"" ULTRA Package - Government (Technical)-NewMaintenance",
01tWC00000FBX3iYAH,"Fortra DCS ""Advance"" ULTRA Package (Technical)-NewMaintenance",
01tWC00000DD1K4YAL,"Fortra DCS ""Advance"" ULTRA Package-NewMaintenance",
01tWC00000FBX40YAH,"Fortra DCS ""Plus"" ULTRA Package - Government (Technical)-NewMaintenance",
01tWC00000FBX3oYAH,"Fortra DCS ""Plus"" ULTRA Package (Technical)-NewMaintenance",
01tWC00000DD1KBYA1,"Fortra DCS ""Plus"" ULTRA Package-NewMaintenance",
01tWC00000FBX88YAH,Fortra DCS Advanced Package (Technical)-NewMaintenance,
01tWC00000DD1KHYA1,Fortra DCS Advanced Package-NewMaintenance,
01tWC00000FBX8BYAX,Fortra DCS Essential Package (Technical)-NewMaintenance,
01tWC00000DD1KKYA1,Fortra DCS Essential Package-NewMaintenance,
01tWC00000FBX8FYAX,Fortra DCS ESSENTIALS ULTRA PACKAGE (Technical)-NewMaintenance,
01tWC00000DD1KOYA1,Fortra DCS ESSENTIALS ULTRA PACKAGE-NewMaintenance,
01tWC00000FBX8sYAH,Fortra DCS for DaR (Data at rest) with DCS INTELLIGENT PROTECTION - Government (Technical)-NewMaintenance,
01tWC00000FBX8JYAX,Fortra DCS for DaR (Data at rest) with DCS INTELLIGENT PROTECTION (Technical)-NewMaintenance,
01tWC00000DD1KSYA1,Fortra DCS for DaR (Data at rest) with DCS INTELLIGENT PROTECTION-NewMaintenance,
01tWC00000FBX8PYAX,Fortra DCS for Data at Rest (Technical)-NewMaintenance,
01tWC00000DD1KYYA1,Fortra DCS for Data at Rest-NewMaintenance,
01tWC00000FBX8SYAX,Fortra Mail for iOS (Technical)-NewMaintenance,
01tWC00000DD1KbYAL,Fortra Mail for iOS-NewMaintenance,
01tWC00000FBZPuYAP,FORTRAVM - EVAL (Technical)-NewMaintenance,
01tWC00000FCFZUYA5,FTP/400 (Technical)-NewMaintenance,
01tWC00000FCFZXYA5,FTP/400 Remote Comma (Technical)-NewMaintenance,
01tWC00000FBd5YYAT,FTPS Server - Yearly (Technical)-NewMaintenance,
01tWC00000FBd5VYAT,FTPS Server (Technical)-NewMaintenance,
01tWC00000FCD0xYAH,Gannett Suite (Technical)-NewMaintenance,
01tWC00000FBWTpYAP,GoAnywhere (Technical)-NewMaintenance,
01tWC00000FBWTrYAP,GoAnywhere Accelerated File Transfer (Technical)-NewMaintenance,
01tWC00000FBWTvYAP,GoAnywhere Accelerated File Transfer Per Gbps (Technical)-NewMaintenance,
01tWC00000FBWTzYAP,GoAnywhere Advanced Agent (Technical)-NewMaintenance,
01tWC00000FBWU3YAP,GoAnywhere Advanced Reporting (Technical)-NewMaintenance,
01tWC00000FBWU7YAP,GoAnywhere Advanced Workflows (Technical)-NewMaintenance,
01tWC00000FBWUBYA5,GoAnywhere Advanced Workflows and Reporting (Technical)-NewMaintenance,
01tWC00000FBWUFYA5,GoAnywhere Agent (Technical)-NewMaintenance,
01tWC00000FBWUJYA5,GoAnywhere AS2 Send/Receive (Technical)-NewMaintenance,
01tWC00000FBWUNYA5,GoAnywhere AS3 Send/Receive (Technical)-NewMaintenance,
01tWC00000FBWURYA5,GoAnywhere AS4 Send/Receive (Technical)-NewMaintenance,
01tWC00000FBWUVYA5,GoAnywhere Basic Agent (Technical)-NewMaintenance,
01tWC00000FBWUZYA5,GoAnywhere Business Activity Monitor (Technical)-NewMaintenance,
01tWC00000FBeDdYAL,GoAnywhere Cloud Connector Premium (Technical)-NewMaintenance,
01tWC00000FBeDhYAL,GoAnywhere Cloud Connector Standard (Technical)-NewMaintenance,
01tWC00000FBeDlYAL,GoAnywhere Cloud Connector Standard Pack (Technical)-NewMaintenance,
01tWC00000FBeDpYAL,GoAnywhere Collaboration Bundle (Technical)-NewMaintenance,
01tWC00000FBeDaYAL,GoAnywhere Collaboration Bundle with Gateway (Technical)-NewMaintenance,
01tWC00000FBeEGYA1,GoAnywhere Collaboration Bundle with Gateway and Threat Protection (Technical)-NewMaintenance,
01tWC00000FBeDyYAL,GoAnywhere Core Server Bundle (Technical)-NewMaintenance,
01tWC00000FBeEIYA1,GoAnywhere Core Server Bundle with Gateway (Technical)-NewMaintenance,
01tWC00000FBeEKYA1,GoAnywhere Core Server Bundle with Gateway and Threat Protection (Technical)-NewMaintenance,
01tWC00000FBeE6YAL,GoAnywhere Enterprise Bundle (Technical)-NewMaintenance,
01tWC00000FBeEBYA1,GoAnywhere FTP Client & Server (Technical)-NewMaintenance,
01tWC00000FBeEFYA1,GoAnywhere FTPS Server (Technical)-NewMaintenance,
01tWC00000FBeb2YAD,GoAnywhere Gateway (Technical)-NewMaintenance,
01tWC00000FBeb6YAD,GoAnywhere Gateway and Load Balancer (Technical)-NewMaintenance,
01tWC00000FBebAYAT,GoAnywhere Gateway Load Balancer (Technical)-NewMaintenance,
01tWC00000FBebEYAT,GoAnywhere GoDrive (Technical)-NewMaintenance,
01tWC00000FBebIYAT,GoAnywhere GoFast Server (Technical)-NewMaintenance,
01tWC00000FBebNYAT,GoAnywhere PeSIT Client (Technical)-NewMaintenance,
01tWC00000FBebRYAT,GoAnywhere PeSIT Express Bundle (Technical)-NewMaintenance,
01tWC00000FBebkYAD,GoAnywhere PeSIT Express Bundle with Gateway (Technical)-NewMaintenance,
01tWC00000FBebXYAT,GoAnywhere PeSIT Premium Bundle (Technical)-NewMaintenance,
01tWC00000FBebbYAD,GoAnywhere PeSIT Server (Technical)-NewMaintenance,
01tWC00000FBebfYAD,GoAnywhere PeSIT Starter Bundle (Technical)-NewMaintenance,
01tWC00000FBebmYAD,GoAnywhere PeSIT Starter Bundle with Gateway (Technical)-NewMaintenance,
01tWC00000FBenzYAD,GoAnywhere Premium AS2 (Technical)-NewMaintenance,
01tWC00000FBenuYAD,GoAnywhere Premium Bundle - Clustered (Technical)-NewMaintenance,
01tWC00000FBeo3YAD,GoAnywhere Premium Bundle (Technical)-NewMaintenance,
01tWC00000FBenwYAD,GoAnywhere Premium Bundle with Threat Protection (Technical)-NewMaintenance,
01tWC00000FBeoCYAT,GoAnywhere Secure Folders (Technical)-NewMaintenance,
01tWC00000FBeoGYAT,GoAnywhere Secure Forms (Technical)-NewMaintenance,
01tWC00000FBeoKYAT,GoAnywhere Secure Mail (Technical)-NewMaintenance,
01tWC00000FBeoOYAT,GoAnywhere Security Domains (Technical)-NewMaintenance,
01tWC00000FBeoSYAT,GoAnywhere Services (legacy) (Technical)-NewMaintenance,
01tWC00000FBeoVYAT,GoAnywhere SFTP Server (Technical)-NewMaintenance,
01tWC00000FBeoZYAT,GoAnywhere Standard Agent (Technical)-NewMaintenance,
01tWC00000FBeodYAD,GoAnywhere Starter Bundle (Technical)-NewMaintenance,
01tWC00000FBeunYAD,GoAnywhere Starter Bundle with Gateway (Technical)-NewMaintenance,
01tWC00000FBeupYAD,GoAnywhere Starter Bundle with Gateway and Threat Protection (Technical)-NewMaintenance,
01tWC00000FBeuxYAD,GoAnywhere Ultimate AS2 (Technical)-NewMaintenance,
01tWC00000FBev1YAD,GoAnywhere Workflows Basic (Technical)-NewMaintenance,
01tWC00000FBev5YAD,GoAnywhere Workflows Express (Technical)-NewMaintenance,
01tWC00000FBev9YAD,GoAnywhere Workflows Restricted (Technical)-NewMaintenance,
01tWC00000FBfHHYA1,Green Screen (Technical)-NewMaintenance,
01tWC00000FCD10YAH,GSM TC35 Terminal Ph (Technical)-NewMaintenance,
01tWC00000FCD13YAH,GSM TC65 Terminal Ph (Technical)-NewMaintenance,
01tWC00000FCD16YAH,HA-MX Monitor (Technical)-NewMaintenance,
01tWC00000FCD1AYAX,Halcyon Exit Point Manager (Technical)-NewMaintenance,
01tWC00000FCD1HYAX,"HMM, HEP, HPM (Technical)-NewMaintenance",
01tWC00000FCFZaYAP,HTML Report Converter (Technical)-NewMaintenance,
01tWC00000FBYkDYAX,HTTPS Feature for SECURE Web Gateway (Technical)-NewMaintenance,
01tWC00000DD1PuYAL,HTTPS Feature for SECURE Web Gateway-NewMaintenance,
01tWC00000FBd5jYAD,HTTPS Server (includes Web client) - Yearly (Technical)-NewMaintenance,
01tWC00000FBd5gYAD,HTTPS Server (includes Web client) (Technical)-NewMaintenance,
01tWC00000FCFZeYAP,iEncrypt (Technical)-NewMaintenance,
01tWC00000FCFZiYAP,iForms (Technical)-NewMaintenance,
01tWC00000FCFp3YAH,iForms Electronic Forms and Report Writer - Legacy (Technical)-NewMaintenance,
01tWC00000FCFp6YAH,IFS Tools (Technical)-NewMaintenance,
01tWC00000FCFpAYAX,Image Viewer - Legacy (Technical)-NewMaintenance,
01tWC00000FCFpDYAX,Imaging Barcode/OCR (Technical)-NewMaintenance,
01tWC00000FCFpHYAX,Info Print Integrator/400 (Technical)-NewMaintenance,
01tWC00000FBYSMYA5,Information Governance Server (Registrars) (Technical)-NewMaintenance,
01tWC00000DCwVlYAL,Information Governance Server (Registrars)-NewMaintenance,
01tWC00000FBfH8YAL,Insite Analytics - Core (Technical)-NewMaintenance,
01tWC00000FBfHAYA1,Insite Analytics - Premium (Technical)-NewMaintenance,
01tWC00000FBfHCYA1,Insite Analytics - Pro (Technical)-NewMaintenance,
01tWC00000FBfHEYA1,Insite Analytics - Starter Package (Technical)-NewMaintenance,
01tWC00000FBfGvYAL,Insite Analytics (Technical)-NewMaintenance,
01tWC00000FCUePYAX,Integrated Access Control (IAC) Option - DATA CONN (Technical)-NewMaintenance,
01tWC00000DCwW1YAL,Integrated Access Control (IAC) Option - DATA CONN-NewMaintenance,
01tWC00000FCFpKYAX,Integration Toolkit (Technical)-NewMaintenance,
01tWC00000FCUeSYAX,Intermapper Server - Freeware (Technical)-NewMaintenance,
01tWC00000DCwW8YAL,Intermapper Server - Freeware-NewMaintenance,
01tWC00000FCUeZYAX,Intermapper Server (Legacy) (Technical)-NewMaintenance,
01tWC00000DCwWFYA1,Intermapper Server (Legacy)-NewMaintenance,
01tWC00000FCUeVYAX,Intermapper Server (Technical)-NewMaintenance,
01tWC00000FCUedYAH,Intermapper Server Bundle (Technical)-NewMaintenance,
01tWC00000DCwWJYA1,Intermapper Server Bundle-NewMaintenance,
01tWC00000DCwWBYA1,Intermapper Server-NewMaintenance,
01tWC00000FBY06YAH,Investigation Module (Technical)-NewMaintenance,
01tWC00000DCwWOYA1,Investigation Module-NewMaintenance,
01tWC00000FBZPsYAP,IP360 - EVAL (Technical)-NewMaintenance,
01tWC00000FBZYsYAP,IP360 - Term Based (Technical)-NewMaintenance,
01tWC00000FBZPCYA5,IP360 (Technical)-NewMaintenance,
01tWC00000FBYSQYA5,iPhone/iPad PMM Feature For SECURE Email Gateway (Technical)-NewMaintenance,
01tWC00000DCwWcYAL,iPhone/iPad PMM Feature For SECURE Email Gateway-NewMaintenance,
01tWC00000FCG0LYAX,IPP (Technical)-NewMaintenance,
01tWC00000FCFpOYAX,iSeries Data Access (Technical)-NewMaintenance,
01tWC00000FCFpRYAX,iSeries Office Integrator (Technical)-NewMaintenance,
01tWC00000FCFpVYAX,iSeries PDF and TIFF (Technical)-NewMaintenance,
01tWC00000FBiBZYA1,JDA Bundle (Technical)-NewMaintenance,
01tWC00000FCFpYYAX,JDA Bundle (Technical)-NewMaintenance,
01tWC00000FCD0sYAH,Linux on Power (Technical)-NewMaintenance,
01tWC00000FCD1OYAX,LPAR (Technical)-NewMaintenance,
01tWC00000FCD1SYAX,Lvl1: Message Management Suite (Technical)-NewMaintenance,
01tWC00000FCD1WYAX,Lvl2: Systems Operations Suite (Technical)-NewMaintenance,
01tWC00000FCD1aYAH,Lvl3: Advanced Automation Suite (Technical)-NewMaintenance,
01tWC00000FBX8WYAX,Mac Classifier (Technical)-NewMaintenance,
01tWC00000DD1QZYA1,Mac Classifier-NewMaintenance,
01tWC00000FCKSUYA5,MCP Remote Support (Technical)-NewMaintenance,
01tWC00000FBfd2YAD,Menu & Application Program (Technical)-NewMaintenance,
01tWC00000FBX8ZYAX,Message Classification (Technical)-NewMaintenance,
01tWC00000FBX8oYAH,Message Classification & Classification for Office & Classification for Desktop Bundle - Enterprise (Technical)-NewMaintenance,
01tWC00000FBX8qYAH,Message Classification & Classification for Office & Classification for Desktop Bundle - Standard (Technical)-NewMaintenance,
01tWC00000FBX8cYAH,Message Classification & Classification for Office & Classification for Desktop Bundle (Technical)-NewMaintenance,
01tWC00000DD1QtYAL,Message Classification & Classification for Office & Classification for Desktop Bundle-NewMaintenance,
01tWC00000FBX8gYAH,Message Classification & Classification for Office Enterprise Bundle (Technical)-NewMaintenance,
01tWC00000DD1QxYAL,Message Classification & Classification for Office Enterprise Bundle-NewMaintenance,
01tWC00000DD1QqYAL,Message Classification-NewMaintenance,
01tWC00000FCKSXYA5,Message Communicator (Technical)-NewMaintenance,
01tWC00000FCKSbYAP,Message Manager (Technical)-NewMaintenance,
01tWC00000FCKSfYAP,MessengerConsole (Technical)-NewMaintenance,
01tWC00000FCKSjYAP,MessengerPlus (Technical)-NewMaintenance,
01tWC00000FCUf3YAH,Metrics Catalog - PS-AM (Technical)-NewMaintenance,
01tWC00000DD1RGYA1,Metrics Catalog - PS-AM-NewMaintenance,
01tWC00000FCFpmYAH,Microsoft Office Add-Ins (Technical)-NewMaintenance,
01tWC00000FCEzpYAH,Microsoft Office Add-Ins (Technical)-NewMaintenance,
01tWC00000FCKSnYAP,Mizuno Suite (Technical)-NewMaintenance,
01tWC00000FBX8jYAH,Mobile Classifier (Technical)-NewMaintenance,
01tWC00000DD1RRYA1,Mobile Classifier-NewMaintenance,
01tWC00000FCKSqYAP,Monitor (Technical)-NewMaintenance,
01tWC00000FCKSvYAP,MQ Manager (Technical)-NewMaintenance,
01tWC00000FBd5nYAD,Multi-site Gateway - Yearly (Technical)-NewMaintenance,
01tWC00000FBd5kYAD,Multi-site Gateway (Technical)-NewMaintenance,
01tWC00000FBfd6YAD,Multiple System Administrator (Technical)-NewMaintenance,
01tWC00000FCEzsYAH,Native AFP to PDF Report (Technical)-NewMaintenance,
01tWC00000FCFppYAH,Native AFP to PDF Report (Technical)-NewMaintenance,
01tWC00000FCEzTYAX,Native AFP to TIFF Report (Technical)-NewMaintenance,
01tWC00000FCFpcYAH,Native AFP to TIFF Report (Technical)-NewMaintenance,
01tWC00000FCEzWYAX,Native Converters (Technical)-NewMaintenance,
01tWC00000FCFpfYAH,Native Converters (Technical)-NewMaintenance,
01tWC00000FCEzZYAX,Native DataImport Report Converter (Technical)-NewMaintenance,
01tWC00000FCFpiYAH,Native DataImport Report Converter (Technical)-NewMaintenance,
01tWC00000FCEzcYAH,Native Host Print Transform Converter (Technical)-NewMaintenance,
01tWC00000FCEzfYAH,Native PCL to PDF Converter - Legacy (Technical)-NewMaintenance,
01tWC00000FCEziYAH,Native Text to CSV Converter (Technical)-NewMaintenance,
01tWC00000FCEzlYAH,Native Text to PDF Converter (Technical)-NewMaintenance,
01tWC00000FCUeiYAH,Network Monitoring (Technical)-NewMaintenance,
01tWC00000FBfcfYAD,Network Traffic Controller (Technical)-NewMaintenance,
01tWC00000FCKSBYA5,NETWORK-Alternative Host (Technical)-NewMaintenance,
01tWC00000FCKSFYA5,NETWORK-Host (Technical)-NewMaintenance,
01tWC00000FCKSJYA5,NETWORK-Node (Technical)-NewMaintenance,
01tWC00000FCUekYAH,Non-Standard Core Connectors (Technical)-NewMaintenance,
01tWC00000DD0A2YAL,Non-Standard Core Connectors-NewMaintenance,
01tWC00000FBXBdYAP,Notes Classifier (Technical)-NewMaintenance,
01tWC00000DD0A6YAL,Notes Classifier-NewMaintenance,
01tWC00000FCKSNYA5,Nport 5110-UK (Technical)-NewMaintenance,
01tWC00000FCKSRYA5,NSS - AIX (Technical)-NewMaintenance,
01tWC00000FCLxhYAH,NSS - AIX (Technical)-NewMaintenance,
01tWC00000FCLxkYAH,NSS - Linux (Technical)-NewMaintenance,
01tWC00000FCLxoYAH,NSS - SNMP Trap Receiver (Technical)-NewMaintenance,
01tWC00000FCLxsYAH,NSS - VIOS (Technical)-NewMaintenance,
01tWC00000FCLxwYAH,NSS - Web Application Monitor (Technical)-NewMaintenance,
01tWC00000FCLy0YAH,NSS - Windows (Technical)-NewMaintenance,
01tWC00000FBYSUYA5,OCR Feature For Information Governance Server (Technical)-NewMaintenance,
01tWC00000DD0AbYAL,OCR Feature For Information Governance Server-NewMaintenance,
01tWC00000FBYSYYA5,OCR Feature For SECURE Email Gateway (Technical)-NewMaintenance,
01tWC00000DD0AfYAL,OCR Feature For SECURE Email Gateway-NewMaintenance,
01tWC00000FBYYnYAP,OCR Feature For SECURE Exchange Gateway (Technical)-NewMaintenance,
01tWC00000DD0AjYAL,OCR Feature For SECURE Exchange Gateway-NewMaintenance,
01tWC00000FBYdrYAH,OCR Feature For SECURE ICAP Gateway (Technical)-NewMaintenance,
01tWC00000DD1TRYA1,OCR Feature For SECURE ICAP Gateway-NewMaintenance,
01tWC00000FBYkGYAX,OCR Feature For SECURE Web Gateway (Technical)-NewMaintenance,
01tWC00000DD1TVYA1,OCR Feature For SECURE Web Gateway-NewMaintenance,
01tWC00000FBYdvYAH,OCR For SECURE ICAP Gateway Per Instance (Technical)-NewMaintenance,
01tWC00000DD1TZYA1,OCR For SECURE ICAP Gateway Per Instance-NewMaintenance,
01tWC00000FBLajYAH,Offensive Security (Technical)-NewMaintenance,
01tWC00000FBYXHYA5,ORG PERP SECURE Email Gateway (Technical)-NewMaintenance,
01tWC00000DD1TnYAL,ORG PERP SECURE Email Gateway-NewMaintenance,
01tWC00000FBXBhYAP,OWA Classifier (Technical)-NewMaintenance,
01tWC00000DD1TwYAL,OWA Classifier-NewMaintenance,
01tWC00000FCLy4YAH,Paragon Suite (Technical)-NewMaintenance,
01tWC00000FBfHKYA1,Parallel Loading (Technical)-NewMaintenance,
01tWC00000FCLy8YAH,Password Reset (Technical)-NewMaintenance,
01tWC00000FCEzuYAH,PCL to PDF Converter (Technical)-NewMaintenance,
01tWC00000FCEzyYAH,PDF Converter (Technical)-NewMaintenance,
01tWC00000FCF02YAH,PDF Splitter (Technical)-NewMaintenance,
01tWC00000FCLyCYAX,PeekPlus (Technical)-NewMaintenance,
01tWC00000FCLyGYAX,Perf Analyzer GUI (Technical)-NewMaintenance,
01tWC00000FCLyKYAX,Performance Analyzer (Technical)-NewMaintenance,
01tWC00000FCLyOYAX,Performance Monitor (Technical)-NewMaintenance,
01tWC00000FCN3kYAH,Performance Navigator for IBM i (Technical)-NewMaintenance,
01tWC00000FBd5rYAD,PGP Actions - Yearly (Technical)-NewMaintenance,
01tWC00000FBd5oYAD,PGP Actions (Technical)-NewMaintenance,
01tWC00000FCUf6YAH,PMPlus OS2200-1-Year-Tier10-Mainframe (Technical)-NewMaintenance,
01tWC00000DD1V0YAL,PMPlus OS2200-1-Year-Tier10-Mainframe-NewMaintenance,
01tWC00000FBZYxYAP,Policy Manager for Desktops (Technical)-NewMaintenance,
01tWC00000FBZZ2YAP,Policy Manager for File Systems (Technical)-NewMaintenance,
01tWC00000FBZZ7YAP,Policy Manager for Network Devices (Technical)-NewMaintenance,
01tWC00000FBZZCYA5,Policy Manager for POS End Point Systems (Technical)-NewMaintenance,
01tWC00000FBZZHYA5,Policy Manager for POS Servers (Technical)-NewMaintenance,
01tWC00000FBZZMYA5,Policy Manager for VMware ESX (Technical)-NewMaintenance,
01tWC00000FCF0CYAX,POP/400 Email Retrieval API (Technical)-NewMaintenance,
01tWC00000FBXBnYAP,Power Classifier for Admin (Technical)-NewMaintenance,
01tWC00000DD1aIYAT,Power Classifier for Admin-NewMaintenance,
01tWC00000FBfdAYAT,Powerful User Passport (Technical)-NewMaintenance,
01tWC00000FBfdEYAT,Powertech Antivirus - Linux / AIX (Technical)-NewMaintenance,
01tWC00000FBfdIYAT,Powertech Antivirus - Solaris (Technical)-NewMaintenance,
01tWC00000FBfdMYAT,Powertech Antivirus - x86 Linux (Technical)-NewMaintenance,
01tWC00000FBg3MYAT,Powertech Antivirus for IBM i - Domino (Technical)-NewMaintenance,
01tWC00000FBg3QYAT,Powertech Antivirus for IBM i (Technical)-NewMaintenance,
01tWC00000FBg3VYAT,Powertech Authority Broker for IBM i (Technical)-NewMaintenance,
01tWC00000FBg3ZYAT,PowerTech Central Admin (Technical)-NewMaintenance,
01tWC00000FBg3dYAD,Powertech Command Security for IBM i (Technical)-NewMaintenance,
01tWC00000FBg3iYAD,Powertech Compliance Monitor Consolidator for IBM i (Technical)-NewMaintenance,
01tWC00000FBg3mYAD,Powertech Compliance Monitor Endpoint for IBM i (Technical)-NewMaintenance,
01tWC00000FBg3qYAD,Powertech Compliance Monitor for IBM i (Technical)-NewMaintenance,
01tWC00000FBg3uYAD,Powertech Compliance Suite (Technical)-NewMaintenance,
01tWC00000FBg40YAD,Powertech Database Monitor for IBM i - PMRT (Technical)-NewMaintenance,
01tWC00000FBg3yYAD,Powertech Database Monitor for IBM i (Technical)-NewMaintenance,
01tWC00000FBgUnYAL,Powertech Encryption for IBM i (Auto IFS Encryption Module) (Technical)-NewMaintenance,
01tWC00000FBgUrYAL,Powertech Encryption for IBM i (Backup Encryption Module) (Technical)-NewMaintenance,
01tWC00000FBgUvYAL,Powertech Encryption for IBM i (Field Encryption Module) (Technical)-NewMaintenance,
01tWC00000FBgUjYAL,Powertech Encryption for IBM i (Technical)-NewMaintenance,
01tWC00000FBgUzYAL,Powertech Event Manager (Technical)-NewMaintenance,
01tWC00000FBgV3YAL,Powertech Exit Point Manager for IBM i (Technical)-NewMaintenance,
01tWC00000FCUfAYAX,Powertech Identity & Access Manager (BoKS) (Technical)-NewMaintenance,
01tWC00000FBgV7YAL,Powertech Identity Manager for IBM i (Technical)-NewMaintenance,
01tWC00000FBgVBYA1,Powertech Multi-Factor Authentication for IBM i (Technical)-NewMaintenance,
01tWC00000FBgVFYA1,Powertech Password Self Help for IBM i (Technical)-NewMaintenance,
01tWC00000FBgVJYA1,Powertech Policy Minder for IBM i (Technical)-NewMaintenance,
01tWC00000FBgVNYA1,Powertech Risk Assessor for IBM i (Technical)-NewMaintenance,
01tWC00000FBgVRYA1,Powertech RSA SecurID Agent for IBM i (Technical)-NewMaintenance,
01tWC00000FBcv2YAD,Powertech Security Auditor (Technical)-NewMaintenance,
01tWC00000FBcv6YAD,Powertech SIEM Agent for IBM i (Technical)-NewMaintenance,
01tWC00000FCN3oYAH,PowerVM (Technical)-NewMaintenance,
01tWC00000FBd6DYAT,Premium Bundle (Technical)-NewMaintenance,
01tWC00000FBfHdYAL,Productivity Enablement (Technical)-NewMaintenance,
01tWC00000FBfHOYA1,Query & Report Writer (Technical)-NewMaintenance,
01tWC00000FCF06YAH,RAW Report Converter (Technical)-NewMaintenance,
01tWC00000FBfHSYA1,Remote Data Push (Technical)-NewMaintenance,
01tWC00000FBfHWYA1,Remote Data Sourcing (Technical)-NewMaintenance,
01tWC00000FCKKKYA5,RemoteAccess - Individual (Legacy) (Technical)-NewMaintenance,
01tWC00000DD1XfYAL,RemoteAccess - Individual (Legacy)-NewMaintenance,
01tWC00000FCKKGYA5,RemoteAccess - Individual (Technical)-NewMaintenance,
01tWC00000DD1XbYAL,RemoteAccess - Individual-NewMaintenance,
01tWC00000FCKKNYA5,RemoteAccess - Pooled - Freeware (Technical)-NewMaintenance,
01tWC00000DD1XiYAL,RemoteAccess - Pooled - Freeware-NewMaintenance,
01tWC00000FCKKUYA5,RemoteAccess - Pooled (Legacy) (Technical)-NewMaintenance,
01tWC00000DD1XpYAL,RemoteAccess - Pooled (Legacy)-NewMaintenance,
01tWC00000FCKKQYA5,RemoteAccess - Pooled (Technical)-NewMaintenance,
01tWC00000DD1XlYAL,RemoteAccess - Pooled-NewMaintenance,
01tWC00000FCKKXYA5,RemoteAccess Server Fee (Technical)-NewMaintenance,
01tWC00000DD1XsYAL,RemoteAccess Server Fee-NewMaintenance,
01tWC00000FCF0AYAX,Report Archive Bundle iSeries - Legacy (Technical)-NewMaintenance,
01tWC00000FBiBcYAL,Report Archive Bundle iSeries - Legacy (Technical)-NewMaintenance,
01tWC00000FCFyjYAH,Report Splitter (Technical)-NewMaintenance,
01tWC00000FBfHaYAL,Resource Accountant (Technical)-NewMaintenance,
01tWC00000FCJ7uYAH,Restricted Tasks Manager (Technical)-NewMaintenance,
01tWC00000FBcuyYAD,Risk & Compliance Monitor (Technical)-NewMaintenance,
01tWC00000INlzxYAD,RNM Test,
01tWC00000FCJ7yYAH,Robot Client (Technical)-NewMaintenance,
01tWC00000FCJ85YAH,Robot Services (Technical)-NewMaintenance,
01tWC00000FCJ88YAH,Robot Trapper (Technical)-NewMaintenance,
01tWC00000FCJ8CYAX,Robot UPS (Technical)-NewMaintenance,
01tWC00000FCKKeYAP,Robotic Process Automation (Technical)-NewMaintenance,
01tWC00000FBfHgYAL,Rodin Enterprise - Legacy (Technical)-NewMaintenance,
01tWC00000FBfLtYAL,Rodin Runtime - Legacy (Technical)-NewMaintenance,
01tWC00000FCKKgYAP,RoleCourier (Technical)-NewMaintenance,
01tWC00000DD1dHYAT,RoleCourier-NewMaintenance,
01tWC00000FBXulYAH,SAFEmail Suite (Technical)-NewMaintenance,
01tWC00000DD1dXYAT,SAFEmail Suite-NewMaintenance,
01tWC00000FBcvAYAT,Safestone Password Self Help (Technical)-NewMaintenance,
01tWC00000FBcvEYAT,Safestone Password Self Help Users (Technical)-NewMaintenance,
01tWC00000FBYXMYA5,SECURE Email Gateway (Technical)-NewMaintenance,
01tWC00000FBYXQYA5,SECURE Email Gateway Advanced Security Package (Technical)-NewMaintenance,
01tWC00000DD1e9YAD,SECURE Email Gateway Advanced Security Package-NewMaintenance,
01tWC00000FBYXUYA5,SECURE Email Gateway Elite Security Package (Technical)-NewMaintenance,
01tWC00000DD1eDYAT,SECURE Email Gateway Elite Security Package-NewMaintenance,
01tWC00000FBYXYYA5,SECURE Email Gateway Essential Security Package (Technical)-NewMaintenance,
01tWC00000DD1eHYAT,SECURE Email Gateway Essential Security Package-NewMaintenance,
01tWC00000DD1e5YAD,SECURE Email Gateway-NewMaintenance,
01tWC00000FBYYzYAP,SECURE Exchange Gateway (Technical)-NewMaintenance,
01tWC00000FBYZ3YAP,SECURE Exchange Gateway Advanced Security Package (Technical)-NewMaintenance,
01tWC00000DD1ePYAT,SECURE Exchange Gateway Advanced Security Package-NewMaintenance,
01tWC00000FBYZ7YAP,SECURE Exchange Gateway Elite Security Package (Technical)-NewMaintenance,
01tWC00000DD1eTYAT,SECURE Exchange Gateway Elite Security Package-NewMaintenance,
01tWC00000FBYZBYA5,SECURE Exchange Gateway Essential Security Package (Technical)-NewMaintenance,
01tWC00000DD1eXYAT,SECURE Exchange Gateway Essential Security Package-NewMaintenance,
01tWC00000DD1eLYAT,SECURE Exchange Gateway-NewMaintenance,
01tWC00000FBYdzYAH,SECURE ICAP Gateway (Technical)-NewMaintenance,
01tWC00000FBYe3YAH,SECURE ICAP Gateway Advanced Security Package Per Instance (Technical)-NewMaintenance,
01tWC00000DD1ejYAD,SECURE ICAP Gateway Advanced Security Package Per Instance-NewMaintenance,
01tWC00000FBYe7YAH,SECURE ICAP Gateway Advanced Security Package Per User (Technical)-NewMaintenance,
01tWC00000DD1enYAD,SECURE ICAP Gateway Advanced Security Package Per User-NewMaintenance,
01tWC00000FBYeBYAX,SECURE ICAP Gateway Elite Security Package Per Instance (Technical)-NewMaintenance,
01tWC00000DD1erYAD,SECURE ICAP Gateway Elite Security Package Per Instance-NewMaintenance,
01tWC00000FBYeFYAX,SECURE ICAP Gateway Elite Security Package Per User (Technical)-NewMaintenance,
01tWC00000DD1evYAD,SECURE ICAP Gateway Elite Security Package Per User-NewMaintenance,
01tWC00000FBYeJYAX,SECURE ICAP Gateway Essential Security Package Per Instance (Technical)-NewMaintenance,
01tWC00000DD1ezYAD,SECURE ICAP Gateway Essential Security Package Per Instance-NewMaintenance,
01tWC00000FBYeNYAX,SECURE ICAP Gateway Essential Security Package Per User (Technical)-NewMaintenance,
01tWC00000DD1f3YAD,SECURE ICAP Gateway Essential Security Package Per User-NewMaintenance,
01tWC00000FBYiTYAX,SECURE ICAP Gateway Per Instance (Technical)-NewMaintenance,
01tWC00000DD1f7YAD,SECURE ICAP Gateway Per Instance-NewMaintenance,
01tWC00000DD1efYAD,SECURE ICAP Gateway-NewMaintenance,
01tWC00000FBYkLYAX,SECURE Web Gateway (Technical)-NewMaintenance,
01tWC00000FBYkPYAX,SECURE Web Gateway Advanced Security Package (Technical)-NewMaintenance,
01tWC00000DD1fFYAT,SECURE Web Gateway Advanced Security Package-NewMaintenance,
01tWC00000FBYkTYAX,SECURE Web Gateway Elite Security Package (Technical)-NewMaintenance,
01tWC00000DD1fJYAT,SECURE Web Gateway Elite Security Package-NewMaintenance,
01tWC00000FBYkXYAX,SECURE Web Gateway Essential Security Package (Technical)-NewMaintenance,
01tWC00000DD1fNYAT,SECURE Web Gateway Essential Security Package-NewMaintenance,
01tWC00000DD1fBYAT,SECURE Web Gateway-NewMaintenance,
01tWC00000FCKKjYAP,SecureReset (Technical)-NewMaintenance,
01tWC00000DD1fRYAT,SecureReset-NewMaintenance,
01tWC00000FCJ8IYAX,Security (Technical)-NewMaintenance,
01tWC00000FBcvKYAT,Security Audit (Technical)-NewMaintenance,
01tWC00000FBcvOYAT,Security Audit & Detection (Technical)-NewMaintenance,
01tWC00000FCI5fYAH,Security KM Events (Technical)-NewMaintenance,
01tWC00000FCI5jYAH,Security KM Incidents (Technical)-NewMaintenance,
01tWC00000FCI5nYAH,Security Knowledge Module (Technical)-NewMaintenance,
01tWC00000FBcvSYAT,Security Scan - Cross Platform (Technical)-NewMaintenance,
01tWC00000FBcvWYAT,Security Scan - i (Technical)-NewMaintenance,
01tWC00000FBfM0YAL,Sequel - User Based (Technical)-NewMaintenance,
01tWC00000FBfLwYAL,Sequel (Technical)-NewMaintenance,
01tWC00000FBfM4YAL,SEQUEL Client Report Option (Technical)-NewMaintenance,
01tWC00000FBfLmYAL,Sequel Data Warehouse (RODIN) Select License - Bronze Edition (Technical)-NewMaintenance,
01tWC00000FBfLoYAL,Sequel Data Warehouse (RODIN) Select License - Gold Edition (Technical)-NewMaintenance,
01tWC00000FBfMQYA1,Sequel Data Warehouse (RODIN) Select License - Platinum Edition (Technical)-NewMaintenance,
01tWC00000FBfMSYA1,Sequel Data Warehouse (RODIN) Select License - Silver Edition (Technical)-NewMaintenance,
01tWC00000FBfM9YAL,Sequel Data Warehouse (RODIN) Select License (Technical)-NewMaintenance,
01tWC00000FBfLrYAL,Sequel Data Warehouse (Technical)-NewMaintenance,
01tWC00000FBfMUYA1,SEQUEL Data Warehouse Bundle - Bronze Edition (Technical)-NewMaintenance,
01tWC00000FBfMWYA1,SEQUEL Data Warehouse Bundle - Gold Edition (Technical)-NewMaintenance,
01tWC00000FBfMYYA1,SEQUEL Data Warehouse Bundle - Platinum Edition (Technical)-NewMaintenance,
01tWC00000FBfMJYA1,SEQUEL Data Warehouse Bundle (Technical)-NewMaintenance,
01tWC00000FBXM0YAP,SEQUEL SMB Bundle - Primary (Technical)-NewMaintenance,
01tWC00000FBXM2YAP,SEQUEL SMB Bundle - Secondary (Technical)-NewMaintenance,
01tWC00000FBXM7YAP,SEQUEL SMB Bundle Additional User (Technical)-NewMaintenance,
01tWC00000FBXMBYA5,SEQUEL SMB Bundle Included Users (Technical)-NewMaintenance,
01tWC00000FBXMFYA5,SEQUEL Solution Bundle (Technical)-NewMaintenance,
01tWC00000FBXMKYA5,SEQUEL Web Interface (Technical)-NewMaintenance,
01tWC00000FBXBuYAP,SharePoint Classifier (Technical)-NewMaintenance,
01tWC00000DD1keYAD,SharePoint Classifier-NewMaintenance,
01tWC00000FBXByYAP,SharePoint MDS (Technical)-NewMaintenance,
01tWC00000DD1kiYAD,SharePoint MDS-NewMaintenance,
01tWC00000FBXMOYA5,Showcase Client Reporting (Technical)-NewMaintenance,
01tWC00000FCKKnYAP,Standard Core Connectors - In Product (Technical)-NewMaintenance,
01tWC00000DD1leYAD,Standard Core Connectors - In Product-NewMaintenance,
01tWC00000FCKKrYAP,Standard Core Connectors - Standard Delivery (Technical)-NewMaintenance,
01tWC00000DD1liYAD,Standard Core Connectors - Standard Delivery-NewMaintenance,
01tWC00000FBYXcYAP,Structural Sanitization For SECURE Email Gateway (Technical)-NewMaintenance,
01tWC00000DD1loYAD,Structural Sanitization For SECURE Email Gateway-NewMaintenance,
01tWC00000FBYZFYA5,Structural Sanitization For SECURE Exchange Gateway (Technical)-NewMaintenance,
01tWC00000DD1lsYAD,Structural Sanitization For SECURE Exchange Gateway-NewMaintenance,
01tWC00000FBYiXYAX,Structural Sanitization For SECURE ICAP Gateway (Technical)-NewMaintenance,
01tWC00000FBYibYAH,Structural Sanitization For SECURE ICAP Gateway Per Instance (Technical)-NewMaintenance,
01tWC00000DD1m0YAD,Structural Sanitization For SECURE ICAP Gateway Per Instance-NewMaintenance,
01tWC00000DD1lwYAD,Structural Sanitization For SECURE ICAP Gateway-NewMaintenance,
01tWC00000FBYkbYAH,Structural Sanitization For SECURE Web Gateway (Technical)-NewMaintenance,
01tWC00000DD1m2YAD,Structural Sanitization For SECURE Web Gateway-NewMaintenance,
01tWC00000FCJ8MYAX,Systems Management (Technical)-NewMaintenance,
01tWC00000FCI5rYAH,Tango/04 Portal User (Technical)-NewMaintenance,
01tWC00000FCGbsYAH,Task Supervisor (Technical)-NewMaintenance,
01tWC00000FBZZVYA5,TE Academic Institution Site License - Database (Technical)-NewMaintenance,
01tWC00000FBZZYYA5,TE Academic Institution Site License - Desktop (Technical)-NewMaintenance,
01tWC00000FBZZbYAP,TE Academic Institution Site License - Directory Services (Technical)-NewMaintenance,
01tWC00000FBYidYAH,TE Academic Institution Site License - Network Device (Technical)-NewMaintenance,
01tWC00000FBYigYAH,TE Academic Institution Site License - VMWare ESX (Technical)-NewMaintenance,
01tWC00000FCKK7YAP,TeamQuest Analyzer & CMIS for Systems (Technical)-NewMaintenance,
01tWC00000DCxl1YAD,TeamQuest Analyzer & CMIS for Systems-NewMaintenance,
01tWC00000FCKKBYA5,TeamQuest Analyzer & Predictor & CMIS for Systems (Technical)-NewMaintenance,
01tWC00000DCxl5YAD,TeamQuest Analyzer & Predictor & CMIS for Systems-NewMaintenance,
01tWC00000FCV4DYAX,TeamQuest Analyzer & Predictor & Surveyor & CMIS for Systems (Technical)-NewMaintenance,
01tWC00000DCxl9YAD,TeamQuest Analyzer & Predictor & Surveyor & CMIS for Systems-NewMaintenance,
01tWC00000FCV4GYAX,TeamQuest Analyzer & Surveyor & CMIS for Systems (Technical)-NewMaintenance,
01tWC00000DCxlEYAT,TeamQuest Analyzer & Surveyor & CMIS for Systems-NewMaintenance,
01tWC00000FCV4OYAX,TeamQuest Surveyor for Systems (Technical)-NewMaintenance,
01tWC00000DCxlMYAT,TeamQuest Surveyor for Systems-NewMaintenance,
01tWC00000FBYilYAH,TFS for Workstations (Technical)-NewMaintenance,
01tWC00000FBY0AYAX,Threat Aware (Technical)-NewMaintenance,
01tWC00000DCxldYAD,Threat Aware-NewMaintenance,
01tWC00000FBXBJYA5,Titus (Technical)-NewMaintenance,
01tWC00000FBXBNYA5,Titus Classification Enterprise Suite (Technical)-NewMaintenance,
01tWC00000DCxllYAD,Titus Classification Enterprise Suite-NewMaintenance,
01tWC00000FBXBQYA5,Titus Classification for Mobile (Technical)-NewMaintenance,
01tWC00000DCxloYAD,Titus Classification for Mobile-NewMaintenance,
01tWC00000FBXBUYA5,Titus Classification for Office and Files (Technical)-NewMaintenance,
01tWC00000DCxlsYAD,Titus Classification for Office and Files-NewMaintenance,
01tWC00000FBXBXYA5,Titus Classification Suite (Technical)-NewMaintenance,
01tWC00000DCxlvYAD,Titus Classification Suite-NewMaintenance,
01tWC00000FBXC6YAP,"Titus Classification Suite, Illuminate and Ionic Connector (Technical)-NewMaintenance",
01tWC00000FBXmYYAX,Titus for Lotus Notes (Technical)-NewMaintenance,
01tWC00000DCxm1YAD,Titus for Lotus Notes-NewMaintenance,
01tWC00000FBXmbYAH,Titus Message Classification (Technical)-NewMaintenance,
01tWC00000DCxm4YAD,Titus Message Classification-NewMaintenance,
01tWC00000DCxlhYAD,Titus-NewMaintenance,
01tWC00000FBXLnYAP,Trend Tables (Technical)-NewMaintenance,
01tWC00000FBYiqYAH,Tripwire - Term Based Enterprise License (Technical)-NewMaintenance,
01tWC00000FBYisYAH,Tripwire App - Custom Workflow Integration for Nozomi - Utility (Technical)-NewMaintenance,
01tWC00000FBYiyYAH,Tripwire App - Dynamic Software Reconciliation - Utility (Technical)-NewMaintenance,
01tWC00000FBYj2YAH,Tripwire App - Dynamic Software Reconciliation Express - Utility (Technical)-NewMaintenance,
01tWC00000FBYj7YAH,Tripwire App - Event Sender - Utility (Technical)-NewMaintenance,
01tWC00000FBYjBYAX,Tripwire App - TE Integration Framework - CA Service Desk - Utility (Technical)-NewMaintenance,
01tWC00000FBYjFYAX,Tripwire App - TE Integration Framework - ChangeGear - Utility (Technical)-NewMaintenance,
01tWC00000FBYjJYAX,Tripwire App - TE Integration Framework - Cherwell - Utility (Technical)-NewMaintenance,
01tWC00000FBYjNYAX,Tripwire App - TE Integration Framework - Flex - Utility (Technical)-NewMaintenance,
01tWC00000DD20lYAD,Tripwire Enterprise for Industrial Devices-NewMaintenance,
01tWC00000FBZorYAH,Tripwire for Server-SUL-Lic (Technical)-NewMaintenance,
01tWC00000DD216YAD,Tripwire Industrial Appliance-NewMaintenance,
01tWC00000DD229YAD,Tripwire Industrial Visibility Small Sensor-NewMaintenance,
01tWC00000FBZtlYAH,Tripwire Log Center - EVAL (Technical)-NewMaintenance,
01tWC00000FBZt5YAH,Tripwire Log Center - Term Based (Technical)-NewMaintenance,
01tWC00000FBZtAYAX,Tripwire Log Center Advanced Log Collector (Technical)-NewMaintenance,
01tWC00000FBZtEYAX,Tripwire Log Center Console (Technical)-NewMaintenance,
01tWC00000FBZtJYAX,Tripwire Log Center for Databases (includes Remote Log Collector) (Technical)-NewMaintenance,
01tWC00000FBZtnYAH,Tripwire Log Center for Desktops - EVAL (Technical)-NewMaintenance,
01tWC00000FBZtQYAX,Tripwire Log Center for Desktops (includes Advanced Log Collector Agent) (Technical)-NewMaintenance,
01tWC00000FBZtqYAH,Tripwire Log Center for Desktops (Technical)-NewMaintenance,
01tWC00000DD22IYAT,Tripwire Log Center for Desktops-NewMaintenance,
01tWC00000FBZtUYAX,Tripwire Log Center for Directory Services (includes Advanced Log Collector Agent) (Technical)-NewMaintenance,
01tWC00000FBZtYYAX,Tripwire Log Center for File Systems  (includes Advanced Log Collector Agent) (Technical)-NewMaintenance,
01tWC00000FBZtpYAH,Tripwire Log Center for File Systems - EVAL (Technical)-NewMaintenance,
01tWC00000FBZteYAH,Tripwire Log Center for File Systems (Technical)-NewMaintenance,
01tWC00000FBZthYAH,Tripwire Log Center for Industrial Environments (Technical)-NewMaintenance,
01tWC00000FBWVQYA5,Tripwire Log Center for Microsoft Exchange (includes Advanced Log Collector Agent) (Technical)-NewMaintenance,
01tWC00000FBWVUYA5,Tripwire Log Center for Microsoft IIS (includes Advanced Log Collector Agent) (Technical)-NewMaintenance,
01tWC00000FBWW9YAP,Tripwire Log Center for Network Devices - EVAL (Technical)-NewMaintenance,
01tWC00000FBWVdYAP,Tripwire Log Center for Network Devices (includes Remote Collector) (Technical)-NewMaintenance,
01tWC00000FBWVaYAP,Tripwire Log Center for Network Devices (Technical)-NewMaintenance,
01tWC00000FBWVhYAP,Tripwire Log Center for POS End Point Systems (includes Advanced Log Collector Agent) (Technical)-NewMaintenance,
01tWC00000FBWVlYAP,Tripwire Log Center for POS Servers (includes Advanced Log Collector Agent) (Technical)-NewMaintenance,
01tWC00000FBWWBYA5,Tripwire Log Center for Security Devices - EVAL (Technical)-NewMaintenance,
01tWC00000FBWVrYAP,Tripwire Log Center for Security Devices (Technical)-NewMaintenance,
01tWC00000FBWVuYAP,Tripwire Log Center for VMware ESX (includes Advanced Log Collector Agent) (Technical)-NewMaintenance,
01tWC00000FBWVxYAP,Tripwire Log Center for VMware ESX (includes Remote Collector) (Technical)-NewMaintenance,
01tWC00000FBWW3YAP,Tripwire Log Center Manager (Technical)-NewMaintenance,
01tWC00000FBa2qYAD,Tripwire Log Center Manager License - EVAL (Technical)-NewMaintenance,
01tWC00000FBWW7YAP,Tripwire Log Center Manager License (Technical)-NewMaintenance,
01tWC00000FBa2mYAD,Tripwire Log Center Remote Log Collector (Technical)-NewMaintenance,
01tWC00000FBZotYAH,Tripwire State Analyzer Upgrade (Technical)-NewMaintenance,
01tWC00000DD21CYAT,Tripwire State Analyzer Upgrade-NewMaintenance,
01tWC00000FBYXgYAP,TrustCenter For SECURE Email Gateway (Technical)-NewMaintenance,
01tWC00000DD1tpYAD,TrustCenter For SECURE Email Gateway-NewMaintenance,
01tWC00000IAMWLYA5,Type Probe 2,
01tWC00000FCV4UYAX,Unisys - TeamQuest Baseline OS2200-OTC (Technical)-NewMaintenance,
01tWC00000DD1tvYAD,Unisys - TeamQuest Baseline OS2200-OTC-NewMaintenance,
01tWC00000FCV4YYAX,Unisys - TeamQuest CULL OS2200-OTC (Technical)-NewMaintenance,
01tWC00000DD1tzYAD,Unisys - TeamQuest CULL OS2200-OTC-NewMaintenance,
01tWC00000FCV4cYAH,Unisys - TeamQuest D-Fragger OS2200-OTC (Technical)-NewMaintenance,
01tWC00000DD1u4YAD,Unisys - TeamQuest D-Fragger OS2200-OTC-NewMaintenance,
01tWC00000FCV4gYAH,Unisys - TeamQuest Harvest MCP-OTC (Technical)-NewMaintenance,
01tWC00000DD1u8YAD,Unisys - TeamQuest Harvest MCP-OTC-NewMaintenance,
01tWC00000FCV4kYAH,Unisys - TeamQuest IACULL OS2200-OTC (Technical)-NewMaintenance,
01tWC00000DD1uDYAT,Unisys - TeamQuest IACULL OS2200-OTC-NewMaintenance,
01tWC00000FCV4oYAH,Unisys - TeamQuest LA OS2200-OTC (Technical)-NewMaintenance,
01tWC00000DD1uIYAT,Unisys - TeamQuest LA OS2200-OTC-NewMaintenance,
01tWC00000FCV4sYAH,Unisys - TeamQuest MS2200 OS2200-OTC (Technical)-NewMaintenance,
01tWC00000DD1uMYAT,Unisys - TeamQuest MS2200 OS2200-OTC-NewMaintenance,
01tWC00000FCV4wYAH,Unisys - TeamQuest MSAR OS2200-OTC (Technical)-NewMaintenance,
01tWC00000DD1uQYAT,Unisys - TeamQuest MSAR OS2200-OTC-NewMaintenance,
01tWC00000DD1uUYAT,Unisys - TeamQuest MSManager OS2200-OTC-NewMaintenance,
01tWC00000DD1uYYAT,Unisys - TeamQuest OEM Fixed Fee - Monthly - Mainframe - Unisys OEM-NewMaintenance,
01tWC00000DD1ucYAD,Unisys - TeamQuest Online MCP-OTC-NewMaintenance,
01tWC00000DD1ugYAD,Unisys - TeamQuest Online OS2200-OTC-NewMaintenance,
01tWC00000DD1ukYAD,Unisys - TeamQuest OSAM OS2200-OTC-NewMaintenance,
01tWC00000DD1uoYAD,Unisys - TeamQuest PAR OS2200-OTC-NewMaintenance,
01tWC00000DD1usYAD,Unisys - TeamQuest PM2200 OS2200-OTC-NewMaintenance,
01tWC00000DD1uwYAD,Unisys - TeamQuest PMLog OS2200-OTC-NewMaintenance,
01tWC00000DD1v0YAD,Unisys - TeamQuest PMPlus MCP-OTC-NewMaintenance,
01tWC00000DD1v4YAD,Unisys - TeamQuest PMPlus OS2200-OTC-NewMaintenance,
01tWC00000DD1v8YAD,Unisys - TeamQuest Probes MCP-OTC-NewMaintenance,
01tWC00000DD1vCYAT,Unisys - TeamQuest Probes OS2200-OTC-NewMaintenance,
01tWC00000DD1vGYAT,Unisys - TeamQuest RemD-Fragger OS2200-OTC-NewMaintenance,
01tWC00000DD1vKYAT,Unisys - TeamQuest SAUtilities OS2200 - Unisys OEM-NewMaintenance,
01tWC00000DD1vOYAT,Unisys - TeamQuest SAUtilities OS2200-OTC-NewMaintenance,
01tWC00000DD1vSYAT,Unisys - TeamQuest SIMAN OS2200-OTC-NewMaintenance,
01tWC00000DD1vWYAT,Unisys - TeamQuest SMFII MCP-OTC-NewMaintenance,
01tWC00000DD1vaYAD,Unisys - TeamQuest TipLA OS2200-OTC-NewMaintenance,
01tWC00000FBY0vYAH,User Classification (Technical)-NewMaintenance,
01tWC00000DD1vfYAD,User Classification-NewMaintenance,
01tWC00000FBcvbYAD,User Profile Manager (Technical)-NewMaintenance,
01tWC00000DD23HYAT,VCM Starter Pack-NewMaintenance,
01tWC00000FCEGmYAP,VISUAL Control Center (Technical)-NewMaintenance,
01tWC00000FCEGoYAP,VISUAL Control for Jobs (Technical)-NewMaintenance,
01tWC00000FCEGsYAP,VISUAL Control for Pools (Technical)-NewMaintenance,
01tWC00000FCN3rYAH,VISUAL Control Performance Planner - Any Tier- All LPARs (Technical)-NewMaintenance,
01tWC00000FCN3vYAH,VISUAL Control Performance Planner - for iSeries (Technical)-NewMaintenance,
01tWC00000FCN40YAH,VISUAL Control Performance Planner (Technical)-NewMaintenance,
01tWC00000FCEGwYAP,VISUAL Control/LPAR Tuner (Technical)-NewMaintenance,
01tWC00000FCEH0YAP,VISUAL Debugger 5250 (Technical)-NewMaintenance,
01tWC00000FCEH4YAP,VISUAL Message Center - Full Pack (Technical)-NewMaintenance,
01tWC00000FCPq3YAH,VISUAL Message Center Dashboards (Technical)-NewMaintenance,
01tWC00000FCEGKYA5,VISUAL Message Center iSeries Base (Technical)-NewMaintenance,
01tWC00000FCEGOYA5,VISUAL Message Center Suite for Operations (Technical)-NewMaintenance,
01tWC00000FCEGWYA5,VISUAL Remote Control (add-on to VSP) (Technical)-NewMaintenance,
01tWC00000FCEGSYA5,VISUAL Remote Control (Technical)-NewMaintenance,
01tWC00000FCEGaYAP,VISUAL Security Suite - Security Package (Technical)-NewMaintenance,
01tWC00000DD1qUYAT,Vityl Capacity Management Enterprise-NewMaintenance,
01tWC00000DD1qYYAT,Vityl Capacity Management License Fee-NewMaintenance,
01tWC00000DD1qQYAT,Vityl Capacity Management-NewMaintenance,
01tWC00000FCPq7YAH,Vityl IT & Business Monitoring (Technical)-NewMaintenance,
01tWC00000DD1qjYAD,Vityl Monitor & Predictor for Physical Systems-NewMaintenance,
01tWC00000DD1qfYAD,Vityl Monitor-NewMaintenance,
01tWC00000FCEGeYAP,VMC - Additional ThinkServer (Technical)-NewMaintenance,
01tWC00000FCEGiYAP,VMC - Cisco PIX/ASA Security Agent (Technical)-NewMaintenance,
01tWC00000FCPV7YAP,VMC - Debugging Agent (Powered by VDW) (Technical)-NewMaintenance,
01tWC00000FCPV3YAP,VMC - Debugging Agent (Technical)-NewMaintenance,
01tWC00000FCPVBYA5,VMC - Exchange Server Operations Agent (Technical)-NewMaintenance,
01tWC00000FCPVFYA5,VMC - Hub Option (Technical)-NewMaintenance,
01tWC00000FCPVJYA5,VMC - iSeries Performance Agent (Powered by VCW) (Technical)-NewMaintenance,
01tWC00000FCPVNYA5,VMC - iSeries Performance Manager (Technical)-NewMaintenance,
01tWC00000FCPVRYA5,VMC - iSeries Performance Manager (VCJ & VCP) (Technical)-NewMaintenance,
01tWC00000FCPVVYA5,VMC - iSeries Security Agent (Technical)-NewMaintenance,
01tWC00000FCPVZYA5,VMC - iSeries SQL Agent (Technical)-NewMaintenance,
01tWC00000FCPVhYAP,VMC - iSeries Support Agent (Powered by VSP) (Technical)-NewMaintenance,
01tWC00000FCPVdYAP,VMC - iSeries Support Agent (Technical)-NewMaintenance,
01tWC00000FCPVlYAP,VMC - iSeries VISION/Orion Agent (Technical)-NewMaintenance,
01tWC00000FCPzhYAH,VMC - Linux Security Agent (Technical)-NewMaintenance,
01tWC00000FCPzlYAH,VMC - Network Operations Agent (Technical)-NewMaintenance,
01tWC00000FCPzpYAH,VMC - Network Syslog Agent (Technical)-NewMaintenance,
01tWC00000FCQ0UYAX,VMC - Operations Agent (Technical)-NewMaintenance,
01tWC00000FCPztYAH,VMC - Oracle Operations Agent (Technical)-NewMaintenance,
01tWC00000FCPzxYAH,VMC - Oracle Security Agent (Technical)-NewMaintenance,
01tWC00000FCQ01YAH,VMC - Policy Compliance for Windows (Technical)-NewMaintenance,
01tWC00000FCQ05YAH,VMC - Portal Users (Technical)-NewMaintenance,
01tWC00000FCQ0SYAX,VMC - Security Agent (Technical)-NewMaintenance,
01tWC00000FCQ09YAH,VMC - SLA Analytics (Technical)-NewMaintenance,
01tWC00000FCQ0DYAX,VMC - SQL Server Operations Agent (Technical)-NewMaintenance,
01tWC00000FCQ0HYAX,VMC - SQL Server Security Agent (Technical)-NewMaintenance,
01tWC00000FCQ0LYAX,VMC - Universal Transaction Agent - 5 Script Runners (Technical)-NewMaintenance,
01tWC00000FCC84YAH,VMC - Windows Security Agent - 10 Units Package (Technical)-NewMaintenance,
01tWC00000FCC88YAH,VMC - Windows Security Agent (Technical)-NewMaintenance,
01tWC00000FCC8CYAX,VMC iSeries Performance Agent (Technical)-NewMaintenance,
01tWC00000FCC8JYAX,VMC Monitoring Engine - Security (Technical)-NewMaintenance,
01tWC00000FCC8GYAX,VMC Monitoring Engine (Technical)-NewMaintenance,
01tWC00000FBZouYAH,VnE Manager - EVAL (Technical)-NewMaintenance,
01tWC00000FBZowYAH,VnE Manager 1800 (Technical)-NewMaintenance,
01tWC00000DD22HYAT,VnE Manager 1800-NewMaintenance,
01tWC00000FBWtZYAX,Vulnerability Management (Technical)-NewMaintenance,
01tWC00000FBXLrYAP,Warehouse Builder (Technical)-NewMaintenance,
01tWC00000FBXLvYAP,Warehouse Manager (Technical)-NewMaintenance,
01tWC00000FBXMVYA5,Web Enablement (SWI) (Technical)-NewMaintenance,
