Id,ContributingProductId,ContributingProduct.ProductCode,ContributingProduct.Name,ProductId,Product.ProductCode,Product.Name,PricebookEntryId,PricebookId,ProductSellingModelId,DerivedPricingScope,Formula,PricingSource,EffectiveFrom,EffectiveTo,CurrencyIsoCode
182WC000000HOqjYAG,01tWC00000DD16EYAT,FIM-FIM-NRPS-CCMLIM,CCM Limited Management Server,01tWC00000DD16DYAT,FIM-FIM-RNM-CCMLMS,CCM Limited Management Server-NewMaintenance,01uWC000005wsydYAA,,0jPWC00000005yz2AA,Both,UnitPrice,Product,2026-04-01T00:00:00.000+0000,2099-12-31T00:00:00.000+0000,USD
182WC000000FN2RYAW,01tWC00000DD16IYAT,FIM-FIM-NRPS-CCMLIE,CCM Limited Scan Engine,01tWC00000DD16HYAT,FIM-FIM-RNM-CCMLSE,CCM Limited Scan Engine-NewMaintenance,01uWC000005wsyeYAA,01sWC0000022GHFYA2,0jPWC00000005yz2AA,Both,UnitPrice,Product,2026-04-01T00:00:00.000+0000,,USD
182WC000000HOsLYAW,01tWC00000DD16MYAT,FIM-FIM-NRPS-CCMMSP,CCM Management Server,01tWC00000DD16LYAT,FIM-FIM-RNM-CCMMSN,CCM Management Server-NewMaintenance,01uWC000005wsygYAA,,0jPWC00000005yz2AA,Both,UnitPrice,Product,2026-04-01T00:00:00.000+0000,2099-12-31T00:00:00.000+0000,USD
182WC000000HOtxYAG,01tWC00000DD15sYAD,FIM-FML-NRPS-CCMNDP,CCM for Network Devices,01tWC00000DD15rYAD,FIM-FIM-RNM-CCMNDN,CCM for Network Devices-NewMaintenance,01uWC000005wsyZYAQ,,0jPWC00000005yz2AA,Both,UnitPrice,Product,2026-04-01T00:00:00.000+0000,2099-12-31T00:00:00.000+0000,USD
182WC000000FN2TYAW,01tWC00000DD15sYAD,FIM-FML-NRPS-CCMNDP,CCM for Network Devices,01tWC00000FBYsBYAX,FIM-FIM-RNM-CCMNDN-TECH,CCM for Network Devices (Technical)-NewMaintenance,01uWC000005xE7JYAU,01sWC0000022GHFYA2,0jPWC00000005yz2AA,Both,UnitPrice,Product,2026-04-01T00:00:00.000+0000,,USD
182WC000000HOvZYAW,01tWC00000DD16RYAT,FIM-FIM-NRPS-CCMSEP,CCM Scan Engine,01tWC00000DD16QYAT,FIM-FIM-RNM-CCMSEN,CCM Scan Engine-NewMaintenance,01uWC000005wsyhYAA,,0jPWC00000005yz2AA,Both,UnitPrice,Product,2026-04-01T00:00:00.000+0000,2099-12-31T00:00:00.000+0000,USD
182WC000000FN25YAG,01tWC00000DD162YAD,FIM-FML-NRPS-CCMSIP,CCM for Single Purpose Devices,01tWC00000DD161YAD,FIM-FIM-RNM-CCMSIN,CCM for Single Purpose Devices-NewMaintenance,01uWC000005wsybYAA,01sWC0000022GHFYA2,0jPWC00000005yz2AA,Both,UnitPrice,Product,2026-04-01T00:00:00.000+0000,,USD
182WC000000HOxBYAW,01tWC00000DD15xYAD,FIM-FML-NRPS-CCMSER,CCM for Servers,01tWC00000DD15wYAD,FIM-FIM-RNM-CCMSNM,CCM for Servers-NewMaintenance,01uWC000005wsyaYAA,,0jPWC00000005yz2AA,Both,UnitPrice,Product,2026-04-01T00:00:00.000+0000,2099-12-31T00:00:00.000+0000,USD
182WC000000FN2SYAW,01tWC00000DD15xYAD,FIM-FML-NRPS-CCMSER,CCM for Servers,01tWC00000FBYsFYAX,FIM-FIM-RNM-CCMSNM-TECH,CCM for Servers (Technical)-NewMaintenance,01uWC000005xE7LYAU,01sWC0000022GHFYA2,0jPWC00000005yz2AA,Both,UnitPrice,Product,2026-04-01T00:00:00.000+0000,,USD
182WC000000HOynYAG,01tWC00000DD167YAD,FIM-FIM-NRPS-CCMWOR,CCM for Workstations,01tWC00000DD166YAD,FIM-FIM-RNM-CCMWNM,CCM for Workstations-NewMaintenance,01uWC000005wsycYAA,,0jPWC00000005yz2AA,Both,UnitPrice,Product,2026-04-01T00:00:00.000+0000,2099-12-31T00:00:00.000+0000,USD
182WC000000FMufYAG,01tWC00000DD1BUYA1,FIM-FIM-RSS-DPEEXS,Device Profiler Ev Express,01tWC00000DD1BRYA1,FIM-FIM-RNM-DPEENM,Device Profiler Ev Express-NewMaintenance,01uWC000005wt7yYAA,01sWC0000022GHFYA2,0jPWC00000005yz2AA,Both,ListPrice,Product,2026-04-01T20:52:00.000+0000,,USD
182WC000000HP0PYAW,01tWC00000DD1BWYA1,FIM-FIM-NRPS-DPELIM,Device Profiler Ev Limited,01tWC00000DD1BVYA1,FIM-FIM-RNM-DPELNM,Device Profiler Ev Limited-NewMaintenance,01uWC000005wsykYAA,,0jPWC00000005yz2AA,Both,UnitPrice,Product,2026-04-01T00:00:00.000+0000,2099-12-31T00:00:00.000+0000,USD
182WC000000HP21YAG,01tWC00000DD1BOYA1,FIM-FIM-NRPS-DPEPER,Device Profiler Ev,01tWC00000DD1BNYA1,FIM-FIM-RNM-DPENEW,Device Profiler Ev-NewMaintenance,01uWC000005wsyjYAA,,0jPWC00000005yz2AA,Both,UnitPrice,Product,2026-04-01T00:00:00.000+0000,2099-12-31T00:00:00.000+0000,USD
182WC000000FN27YAG,01tWC00000DD1HxYAL,FIM-FIM-NRPS-FIMDEP,File Integrity Manager for Desktops,01tWC00000DD1HwYAL,FIM-FIM-RNM-FIMDES,File Integrity Manager for Desktops-NewMaintenance,01uWC000005wsylYAA,01sWC0000022GHFYA2,0jPWC00000005yz2AA,Both,UnitPrice,Product,2026-04-01T00:00:00.000+0000,,USD
182WC000000FN24YAG,01tWC00000DD1HtYAL,FIM-FIM-NRPS-FIMDAT,File Integrity Manager for Databases,01tWC00000DD1HsYAL,FIM-FIM-RNM-FIMDNM,File Integrity Manager for Databases-NewMaintenance,01uWC000005wsx3YAA,01sWC0000022GHFYA2,0jPWC00000005yz2AA,Both,UnitPrice,Product,2026-04-01T00:00:00.000+0000,,USD
182WC000000FN2MYAW,01tWC00000DD1I1YAL,FIM-FIM-NRPS-FIMDSP,File Integrity Manager for Directory Services,01tWC00000DD1I0YAL,FIM-FIM-RNM-FIMDSN,File Integrity Manager for Directory Services-NewMaintenance,01uWC000005wsx5YAA,01sWC0000022GHFYA2,0jPWC00000005yz2AA,Both,UnitPrice,Product,2026-04-01T00:00:00.000+0000,,USD
182WC000000FN2QYAW,01tWC00000DD1I5YAL,FIM-FIM-NRPS-FIMFSP,File Integrity Manager for File Systems,01tWC00000DD1I4YAL,FIM-FIM-RNM-FIMFSN,File Integrity Manager for File Systems-NewMaintenance,01uWC000005wsymYAA,01sWC0000022GHFYA2,0jPWC00000005yz2AA,Both,UnitPrice,Product,2026-04-01T00:00:00.000+0000,,USD
182WC000000FN2LYAW,01tWC00000DD1I9YAL,FIM-FIM-NRPS-FIMLAR,File Integrity Manager for Large Stores (up to 75 FIM-FS),01tWC00000DD1I8YAL,FIM-FIM-RNM-FIMLSU,File Integrity Manager for Large Stores (up to 75 FIM-FS)-NewMaintenance,01uWC000005wsx7YAA,01sWC0000022GHFYA2,0jPWC00000005yz2AA,Both,UnitPrice,Product,2026-04-01T00:00:00.000+0000,,USD
182WC000000HP3dYAG,01tWC00000DD1ICYA1,FIM-FIM-NRPS-FIMLAD,"File Integrity Manager for Large Stores w/ND & DB (up to 75 FS, 75 ND & 1 DB)",01tWC00000DD1IBYA1,FIM-FIM-RNM-FIMLSW,"File Integrity Manager for Large Stores w/ND & DB (up to 75 FS, 75 ND & 1 DB)-NewMaintenance",01uWC000005wsynYAA,,0jPWC00000005yz2AA,Both,UnitPrice,Product,2026-04-01T00:00:00.000+0000,2099-12-31T00:00:00.000+0000,USD
182WC000000FN2HYAW,01tWC00000DD1JeYAL,FIM-FIM-NRPS-FIMMPE,"FIM for Mid-Size Stores w/ND & DB (up to 20 FS, 20 ND & 1 DB)",01tWC00000DD1JdYAL,FIM-FIM-RNM-FIMMNE,"FIM for Mid-Size Stores w/ND & DB (up to 20 FS, 20 ND & 1 DB)-NewMaintenance",01uWC000005wsyvYAA,01sWC0000022GHFYA2,0jPWC00000005yz2AA,Both,UnitPrice,Product,2026-04-01T00:00:00.000+0000,,USD
182WC000000FN2KYAW,01tWC00000DD1IFYA1,FIM-FIM-NRPS-FIMMID,File Integrity Manager for Mid-Size Stores (up to 20 FS),01tWC00000DD1IEYA1,FIM-FIM-RNM-FIMMSS,File Integrity Manager for Mid-Size Stores (up to 20 FS)-NewMaintenance,01uWC000005wsypYAA,01sWC0000022GHFYA2,0jPWC00000005yz2AA,Both,UnitPrice,Product,2026-04-01T00:00:00.000+0000,,USD
182WC000000FN2PYAW,01tWC00000DD1IJYA1,FIM-FIM-NRPS-FIMNDP,File Integrity Manager for Network Devices,01tWC00000DD1IIYA1,FIM-FIM-RNM-FIMNDN,File Integrity Manager for Network Devices-NewMaintenance,01uWC000005wsyqYAA,01sWC0000022GHFYA2,0jPWC00000005yz2AA,Both,UnitPrice,Product,2026-04-01T00:00:00.000+0000,,USD
182WC000000FN2IYAW,01tWC00000DD1IOYA1,FIM-FIM-NRPS-FIMPOE,File Integrity Manager for POS End Point Systems,01tWC00000DD1INYA1,FIM-FIM-RNM-FIMPEP,File Integrity Manager for POS End Point Systems-NewMaintenance,01uWC000005wsyrYAA,01sWC0000022GHFYA2,0jPWC00000005yz2AA,Both,UnitPrice,Product,2026-04-01T00:00:00.000+0000,,USD
182WC000000FN2OYAW,01tWC00000DD1ITYA1,FIM-FIM-NRPS-FIMPSP,File Integrity Manager for POS Servers,01tWC00000DD1ISYA1,FIM-FIM-RNM-FIMPSN,File Integrity Manager for POS Servers-NewMaintenance,01uWC000005wsysYAA,01sWC0000022GHFYA2,0jPWC00000005yz2AA,Both,UnitPrice,Product,2026-04-01T00:00:00.000+0000,,USD
182WC000000HP5FYAW,01tWC00000DD1IaYAL,FIM-FIM-NRPS-FIMSMD,"File Integrity Manager for Small Stores w/ND & DB (up to 5 FS, 5 ND & 1 DB)",01tWC00000DD1IZYA1,FIM-FIM-RNM-FIMSSW,"File Integrity Manager for Small Stores w/ND & DB (up to 5 FS, 5 ND & 1 DB)-NewMaintenance",01uWC000005wsytYAA,,0jPWC00000005yz2AA,Both,UnitPrice,Product,2026-04-01T00:00:00.000+0000,2099-12-31T00:00:00.000+0000,USD
182WC000000FN2NYAW,01tWC00000DD1IeYAL,FIM-FIM-NRPS-FIMVEP,File Integrity Manager for VMware ESX,01tWC00000DD1IdYAL,FIM-FIM-RNM-FIMVEN,File Integrity Manager for VMware ESX-NewMaintenance,01uWC000005wsyuYAA,01sWC0000022GHFYA2,0jPWC00000005yz2AA,Both,UnitPrice,Product,2026-04-01T00:00:00.000+0000,,USD
182WC000000FN2FYAW,01tWC00000DCwWVYA1,FIM-FML-NRPS-IP36PE,IP360,01tWC00000DD20cYAD,FIM-FIM-RNM-IENM,IP360 - EVAL-NewMaintenance,01uWC000005wsupYAA,01sWC0000022GHFYA2,0jPWC00000005yz2AA,Both,UnitPrice,Product,2026-04-01T00:00:00.000+0000,,USD
182WC000000HP6rYAG,01tWC00000DCwWVYA1,FIM-FML-NRPS-IP36PE,IP360,01tWC00000DCwWUYA1,FIM-FIM-RNM-IP36NE,IP360-NewMaintenance,01uWC000005wt5iYAA,,0jPWC00000005yz2AA,Both,UnitPrice,Product,2026-04-01T00:00:00.000+0000,2099-12-31T00:00:00.000+0000,USD
182WC000000FN2AYAW,01tWC00000DCwWZYA1,FIM-FML-NRPS-IP36TE,IP360 - Term Based,01tWC00000DCwWYYA1,FIM-FIM-RNM-IP36TB,IP360 - Term Based-NewMaintenance,01uWC000005wskTYAQ,01sWC0000022GHFYA2,0jPWC00000005yz2AA,Both,UnitPrice,Product,2026-04-01T00:00:00.000+0000,,USD
182WC000000FN2EYAW,01tWC00000DD1V6YAL,FIM-FIM-NRPS-PMDP,Policy Manager for Desktops,01tWC00000DD1V5YAL,FIM-FIM-RNM-PMDNM,Policy Manager for Desktops-NewMaintenance,01uWC000005wsyyYAA,01sWC0000022GHFYA2,0jPWC00000005yz2AA,Both,UnitPrice,Product,2026-04-01T00:00:00.000+0000,,USD
182WC000000FN2DYAW,01tWC00000DD1VBYA1,FIM-FIM-NRPS-PMFSP,Policy Manager for File Systems,01tWC00000DD1VAYA1,FIM-FIM-RNM-PMFSNM,Policy Manager for File Systems-NewMaintenance,01uWC000005wsyzYAA,01sWC0000022GHFYA2,0jPWC00000005yz2AA,Both,UnitPrice,Product,2026-04-01T00:00:00.000+0000,,USD
182WC000000FN2CYAW,01tWC00000DD1ZwYAL,FIM-FIM-NRPS-PMNDP,Policy Manager for Network Devices,01tWC00000FBZZ7YAP,FIM-FIM-RNM-PMNDNM-TECH,Policy Manager for Network Devices (Technical)-NewMaintenance,01uWC000005xE7NYAU,01sWC0000022GHFYA2,0jPWC00000005yz2AA,Both,UnitPrice,Product,2026-04-01T00:00:00.000+0000,,USD
182WC000000FN29YAG,01tWC00000DD1a6YAD,FIM-FIM-NRPS-PMPSP,Policy Manager for POS Servers,01tWC00000FBZZHYA5,FIM-FIM-RNM-PMPSNM-TECH,Policy Manager for POS Servers (Technical)-NewMaintenance,01uWC000005xE7RYAU,01sWC0000022GHFYA2,0jPWC00000005yz2AA,Both,UnitPrice,Product,2026-04-01T00:00:00.000+0000,,USD
182WC000000FN28YAG,01tWC00000DD1aBYAT,FIM-FIM-NRPS-PMVEP,Policy Manager for VMware ESX,01tWC00000DD1aAYAT,FIM-FIM-RNM-PMVENM,Policy Manager for VMware ESX-NewMaintenance,01uWC000005wsz3YAA,01sWC0000022GHFYA2,0jPWC00000005yz2AA,Both,UnitPrice,Product,2026-04-01T00:00:00.000+0000,,USD
182WC000000FN2BYAW,01tWC00000DD1a1YAD,FIM-FIM-NRPS-PMPP,Policy Manager for POS End Point Systems,01tWC00000FBZZCYA5,FIM-FIM-RNM-POLICY-TECH,Policy Manager for POS End Point Systems (Technical)-NewMaintenance,01uWC000005xE7PYAU,01sWC0000022GHFYA2,0jPWC00000005yz2AA,Both,UnitPrice,Product,2026-04-01T00:00:00.000+0000,,USD
182WC000000FN1tYAG,01tWC00000DCxkoYAD,FIM-FIM-NRPS-TESP,TE Academic Institution Site License - Directory Services,01tWC00000DCxkqYAD,FIM-FIM-RNM-TACADE,TE Academic Institution Site License - File Systems-NewMaintenance,01uWC000005wt5lYAA,01sWC0000022GHFYA2,0jPWC00000005yz2AA,Both,UnitPrice,Product,2026-04-01T00:00:00.000+0000,,USD
182WC000000FN1kYAG,01tWC00000DD1gMYAT,FIM-FIM-NRPS-TRIPWI,Tripwire App - Custom Workflow Integration for Nozomi - Utility,01tWC00000DD1gLYAT,FIM-FIM-RNM-TACWIN,Tripwire App - Custom Workflow Integration for Nozomi - Utility-NewMaintenance,01uWC000005wsz4YAA,01sWC0000022GHFYA2,0jPWC00000005yz2AA,Both,UnitPrice,Product,2026-04-01T00:00:00.000+0000,,USD
182WC000000FN23YAG,01tWC00000DD1hCYAT,FIM-FIM-NRPS-TATP,Tripwire App - Term Based Enterprise Utility License,01tWC00000DD1hBYAT,FIM-FIM-RNM-TATBEU,Tripwire App - Term Based Enterprise Utility License-NewMaintenance,01uWC000005wqfgYAA,01sWC0000022GHFYA2,0jPWC00000005yz2AA,Both,UnitPrice,Product,2026-04-01T00:00:00.000+0000,,USD
182WC000000FN22YAG,01tWC00000DD1hKYAT,FIM-FML-NRPS-TCUUP,Tripwire CCM Unlimited Use,01tWC00000DD1hJYAT,FIM-FIM-RNM-TCUUNM,Tripwire CCM Unlimited Use-NewMaintenance,01uWC000005wsfkYAA,01sWC0000022GHFYA2,0jPWC00000005yz2AA,Both,UnitPrice,Product,2026-04-01T00:00:00.000+0000,,USD
182WC000000FN1cYAG,01tWC00000DD1npYAD,FIM-FIM-NRPS-TDP,Tripwire for Databases,01tWC00000DD1noYAD,FIM-FIM-RNM-TDNM,Tripwire for Databases-NewMaintenance,01uWC000005wt5EYAQ,01sWC0000022GHFYA2,0jPWC00000005yz2AA,Both,UnitPrice,Product,2026-04-01T00:00:00.000+0000,,USD
182WC000000FN1ZYAW,01tWC00000DD1ntYAD,FIM-FIM-NRPS-TDSP,Tripwire for Directory Services,01tWC00000DD1nsYAD,FIM-FIM-RNM-TDSNM,Tripwire for Directory Services-NewMaintenance,01uWC000005wt5FYAQ,01sWC0000022GHFYA2,0jPWC00000005yz2AA,Both,UnitPrice,Product,2026-04-01T00:00:00.000+0000,,USD
182WC000000FN2JYAW,01tWC00000DD1meYAD,FIM-FIM-NRPS-TEACAD,TE Academic Institution Site License - Database,01tWC00000DD1mdYAD,FIM-FIM-RNM-TEA,TE Academic Institution Site License - Database-NewMaintenance,01uWC000005wt51YAA,01sWC0000022GHFYA2,0jPWC00000005yz2AA,Both,UnitPrice,Product,2026-04-01T00:00:00.000+0000,,USD
182WC000000FN1uYAG,01tWC00000DD1mhYAD,FIM-FIM-NRPS-TAIP,TE Academic Institution Site License - Desktop,01tWC00000DD1mgYAD,FIM-FIM-RNM-TEAC,TE Academic Institution Site License - Desktop-NewMaintenance,01uWC000005wt52YAA,01sWC0000022GHFYA2,0jPWC00000005yz2AA,Both,UnitPrice,Product,2026-04-01T00:00:00.000+0000,,USD
182WC000000FN1qYAG,01tWC00000DCxkvYAD,FIM-FIM-NRPS-TEDP,TE Academic Institution Site License - Network Device,01tWC00000DCxkuYAD,FIM-FIM-RNM-TEAIN,TE Academic Institution Site License - Network Device-NewMaintenance,01uWC000005wt5mYAA,01sWC0000022GHFYA2,0jPWC00000005yz2AA,Both,UnitPrice,Product,2026-04-01T00:00:00.000+0000,,USD
182WC000000FN1oYAG,01tWC00000DCxkyYAD,FIM-FIM-NRPS-TEEP,TE Academic Institution Site License - VMWare ESX,01tWC00000DCxkxYAD,FIM-FIM-RNM-TEAINS,TE Academic Institution Site License - VMWare ESX-NewMaintenance,01uWC000005wt5nYAA,01sWC0000022GHFYA2,0jPWC00000005yz2AA,Both,UnitPrice,Product,2026-04-01T00:00:00.000+0000,,USD
182WC000000FN21YAG,01tWC00000DD1hWYAT,FIM-FIM-NRPS-TECP,Tripwire Enterprise Console,01tWC00000DD1hUYAT,FIM-FIM-RNM-TECNM,Tripwire Enterprise Console-NewMaintenance,01uWC000005wt4xYAA,01sWC0000022GHFYA2,0jPWC00000005yz2AA,Both,UnitPrice,Product,2026-04-01T00:00:00.000+0000,,USD
182WC000000FN1yYAG,01tWC00000DD1hmYAD,FIM-FIM-NRPS-TRIPEN,Tripwire Enterprise for Desktops,01tWC00000DD1hlYAD,FIM-FIM-RNM-TEDM,Tripwire Enterprise for Desktops-NewMaintenance,01uWC000005wt4zYAA,01sWC0000022GHFYA2,0jPWC00000005yz2AA,Both,UnitPrice,Product,2026-04-01T00:00:00.000+0000,,USD
182WC000000FN1zYAG,01tWC00000DD1hfYAD,FIM-FIM-NRPS-TRDP,Tripwire Enterprise for Databases,01tWC00000DD1heYAD,FIM-FIM-RNM-TEDNM,Tripwire Enterprise for Databases-NewMaintenance,01uWC000005wqflYAA,01sWC0000022GHFYA2,0jPWC00000005yz2AA,Both,UnitPrice,Product,2026-04-01T00:00:00.000+0000,,USD
182WC000000FN1xYAG,01tWC00000DD1hqYAD,FIM-FIM-NRPS-TEDSP,Tripwire Enterprise for Directory Services,01tWC00000DD1hpYAD,FIM-FIM-RNM-TEDSNM,Tripwire Enterprise for Directory Services-NewMaintenance,01uWC000005wsxIYAQ,01sWC0000022GHFYA2,0jPWC00000005yz2AA,Both,UnitPrice,Product,2026-04-01T00:00:00.000+0000,,USD
182WC000000FN20YAG,01tWC00000DD1haYAD,FIM-FIM-NRPS-TEECP,Tripwire Enterprise Express Console,01tWC00000DD1hZYAT,FIM-FIM-RNM-TEECNM,Tripwire Enterprise Express Console-NewMaintenance,01uWC000005wt4yYAA,01sWC0000022GHFYA2,0jPWC00000005yz2AA,Both,UnitPrice,Product,2026-04-01T00:00:00.000+0000,,USD
182WC000000FN1wYAG,01tWC00000DD1hxYAD,FIM-FIM-NRPS-TEFSP,Tripwire Enterprise for File Systems,01tWC00000DD1hwYAD,FIM-FIM-RNM-TEFSNM,Tripwire Enterprise for File Systems-NewMaintenance,01uWC000005wt50YAA,01sWC0000022GHFYA2,0jPWC00000005yz2AA,Both,UnitPrice,Product,2026-04-01T00:00:00.000+0000,,USD
182WC000000FN1vYAG,01tWC00000DD1mpYAD,FIM-FIM-NRPS-TELP,Tripwire Enterprise for Large Stores (up to 75 FS),01tWC00000DD1moYAD,FIM-FIM-RNM-TELSUT,Tripwire Enterprise for Large Stores (up to 75 FS)-NewMaintenance,01uWC000005wt54YAA,01sWC0000022GHFYA2,0jPWC00000005yz2AA,Both,UnitPrice,Product,2026-04-01T00:00:00.000+0000,,USD
182WC000000FN1sYAG,01tWC00000DD1msYAD,FIM-FIM-NRPS-TRENTE,"Tripwire Enterprise for Large Stores w/ ND & DB (up to 75 FS, 75 ND & 1 DB)",01tWC00000DD1mrYAD,FIM-FIM-RNM-TELSWN,"Tripwire Enterprise for Large Stores w/ ND & DB (up to 75 FS, 75 ND & 1 DB)-NewMaintenance",01uWC000005wt55YAA,01sWC0000022GHFYA2,0jPWC00000005yz2AA,Both,UnitPrice,Product,2026-04-01T00:00:00.000+0000,,USD
182WC000000FN1rYAG,01tWC00000DD1mvYAD,FIM-FIM-NRPS-TEMEP,Tripwire Enterprise for Microsoft Exchange,01tWC00000DD1muYAD,FIM-FIM-RNM-TEMENM,Tripwire Enterprise for Microsoft Exchange-NewMaintenance,01uWC000005wt56YAA,01sWC0000022GHFYA2,0jPWC00000005yz2AA,Both,UnitPrice,Product,2026-04-01T00:00:00.000+0000,,USD
182WC000000FN1RYAW,01tWC00000DD1n1YAD,FIM-FIM-NRPS-TEMIP,Tripwire Enterprise for Microsoft IIS,01tWC00000DD1n0YAD,FIM-FIM-RNM-TEMINM,Tripwire Enterprise for Microsoft IIS-NewMaintenance,01uWC000005wt57YAA,01sWC0000022GHFYA2,0jPWC00000005yz2AA,Both,UnitPrice,Product,2026-04-01T00:00:00.000+0000,,USD
182WC000000FN1pYAG,01tWC00000DD1n5YAD,FIM-FIM-NRPS-TEMP,Tripwire Enterprise for Mid-Size Stores (Up to 20 FS),01tWC00000DD1n4YAD,FIM-FIM-RNM-TEMSSU,Tripwire Enterprise for Mid-Size Stores (Up to 20 FS)-NewMaintenance,01uWC000005wt58YAA,01sWC0000022GHFYA2,0jPWC00000005yz2AA,Both,UnitPrice,Product,2026-04-01T00:00:00.000+0000,,USD
182WC000000FN1GYAW,01tWC00000DD1n9YAD,FIM-FIM-NRPS-TRIPEM,"Tripwire Enterprise for Mid-Size Stores w/ ND & DB (up to 20 FS, 20 ND & 1 DB)",01tWC00000DD1n7YAD,FIM-FIM-RNM-TEMSSW,"Tripwire Enterprise for Mid-Size Stores w/ ND & DB (up to 20 FS, 20 ND & 1 DB)-NewMaintenance",01uWC000005wt59YAA,01sWC0000022GHFYA2,0jPWC00000005yz2AA,Both,UnitPrice,Product,2026-04-01T00:00:00.000+0000,,USD
182WC000000FN1nYAG,01tWC00000DD1nEYAT,FIM-FIM-NRPS-TENDP,Tripwire Enterprise for Network Devices,01tWC00000DD1nDYAT,FIM-FIM-RNM-TENDNM,Tripwire Enterprise for Network Devices-NewMaintenance,01uWC000005wt5AYAQ,01sWC0000022GHFYA2,0jPWC00000005yz2AA,Both,UnitPrice,Product,2026-04-01T00:00:00.000+0000,,USD
182WC000000FN1lYAG,01tWC00000DD1nJYAT,FIM-FIM-NRPS-TEPP,Tripwire Enterprise for POS End Point Systems,01tWC00000DD1nIYAT,FIM-FIM-RNM-TEPM,Tripwire Enterprise for POS End Point Systems-NewMaintenance,01uWC000005wt5BYAQ,01sWC0000022GHFYA2,0jPWC00000005yz2AA,Both,UnitPrice,Product,2026-04-01T00:00:00.000+0000,,USD
182WC000000FN1jYAG,01tWC00000DD1nOYAT,FIM-FIM-NRPS-TEPSP,Tripwire Enterprise for POS Servers,01tWC00000DD1nNYAT,FIM-FIM-RNM-TEPSNM,Tripwire Enterprise for POS Servers-NewMaintenance,01uWC000005wt5CYAQ,01sWC0000022GHFYA2,0jPWC00000005yz2AA,Both,UnitPrice,Product,2026-04-01T00:00:00.000+0000,,USD
182WC000000FN1iYAG,01tWC00000DD1nSYAT,FIM-FIM-NRPS-TRFP,Tripwire Enterprise for Small Stores (up to 5 FS),01tWC00000DD1nRYAT,FIM-FIM-RNM-TESSUT,Tripwire Enterprise for Small Stores (up to 5 FS)-NewMaintenance,01uWC000005wt5DYAQ,01sWC0000022GHFYA2,0jPWC00000005yz2AA,Both,UnitPrice,Product,2026-04-01T00:00:00.000+0000,,USD
182WC000000FN1fYAG,01tWC00000DD1nVYAT,FIM-FIM-NRPS-TRIPES,"Tripwire Enterprise for Small Stores w/ ND & DB (up to 5 FS, 5 ND & 1 DB)",01tWC00000DD1nUYAT,FIM-FIM-RNM-TESSWN,"Tripwire Enterprise for Small Stores w/ ND & DB (up to 5 FS, 5 ND & 1 DB)-NewMaintenance",01uWC000005wqfwYAA,01sWC0000022GHFYA2,0jPWC00000005yz2AA,Both,UnitPrice,Product,2026-04-01T00:00:00.000+0000,,USD
182WC000000FN1hYAG,01tWC00000DD1nYYAT,FIM-FIM-NRPS-TEVEP,Tripwire Enterprise for VMware ESX,01tWC00000DCxksYAD,FIM-FIM-RNM-TEVENM,Tripwire Enterprise for VMware ESX-NewMaintenance,01uWC000005wsfYYAQ,01sWC0000022GHFYA2,0jPWC00000005yz2AA,Both,UnitPrice,Product,2026-04-01T00:00:00.000+0000,,USD
182WC000000FN1mYAG,01tWC00000DCxlaYAD,FIM-FML-NRPS-TFSWOR,TFS for Workstations,01tWC00000DCxlZYAT,FIM-FIM-RNM-TFSWNM,TFS for Workstations-NewMaintenance,01uWC000005wt5oYAA,01sWC0000022GHFYA2,0jPWC00000005yz2AA,Both,UnitPrice,Product,2026-04-01T00:00:00.000+0000,,USD
182WC000000FN1VYAW,01tWC00000DD1oHYAT,FIM-FML-NRPS-TINP,"Tripwire IP360 Non-transferable Unlimited Use (IP360, VnE-Ev, DP-Ev)",01tWC00000DD1oGYAT,FIM-FIM-RNM-TINTUU,"Tripwire IP360 Non-transferable Unlimited Use (IP360, VnE-Ev, DP-Ev)-NewMaintenance",01uWC000005wqf9YAA,01sWC0000022GHFYA2,0jPWC00000005yz2AA,Both,UnitPrice,Product,2026-04-01T00:00:00.000+0000,,USD
182WC000000FN1PYAW,01tWC00000DD1tRYAT,FIM-FML-NRPS-TMP,Tripwire Manager,01tWC00000DD1tQYAT,FIM-FIM-RNM-TMNM,Tripwire Manager-NewMaintenance,01uWC000005wsyOYAQ,01sWC0000022GHFYA2,0jPWC00000005yz2AA,Both,UnitPrice,Product,2026-04-01T00:00:00.000+0000,,USD
182WC000000FN1gYAG,01tWC00000DD1hOYAT,FIM-FIM-NRPS-TEP,Tripwire Enterprise,01tWC00000DD1hNYAT,FIM-FIM-RNM-TREN,Tripwire Enterprise-NewMaintenance,01uWC000005wqfjYAA,01sWC0000022GHFYA2,0jPWC00000005yz2AA,Both,UnitPrice,Product,2026-04-01T00:00:00.000+0000,,USD
182WC000000FN1MYAW,01tWC00000DD1tdYAD,FIM-FIM-NRPS-TRST,Tripwire State Analyzer Express,01tWC00000DD1tcYAD,FIM-FIM-RNM-TSAENM,Tripwire State Analyzer Express-NewMaintenance,01uWC000005wsy8YAA,01sWC0000022GHFYA2,0jPWC00000005yz2AA,Both,UnitPrice,Product,2026-04-01T00:00:00.000+0000,,USD
182WC000000FN19YAG,01tWC00000DCyyGYAT,FIM-FIM-NRPS-VEMEVD,VnE Manager Ev & Device Profiler Ev,01tWC00000DD1tcYAD,FIM-FIM-RNM-TSAENM,Tripwire State Analyzer Express-NewMaintenance,01uWC000005wsy8YAA,01sWC0000022GHFYA2,0jPWC00000005yz2AA,Both,UnitPrice,Product,2026-04-01T00:00:00.000+0000,,USD
182WC000000FN1LYAW,01tWC00000DD1tZYAT,FIM-FIM-NRPS-TSAP,Tripwire State Analyzer,01tWC00000DD1tYYAT,FIM-FIM-RNM-TSANM,Tripwire State Analyzer-NewMaintenance,01uWC000005wsy7YAA,01sWC0000022GHFYA2,0jPWC00000005yz2AA,Both,UnitPrice,Product,2026-04-01T00:00:00.000+0000,,USD
182WC000000FN1YYAW,01tWC00000DD1o2YAD,FIM-FML-NRPS-TSP,Tripwire for Servers,01tWC00000DD1o1YAD,FIM-FIM-RNM-TSNM,Tripwire for Servers-NewMaintenance,01uWC000005wt5GYAQ,01sWC0000022GHFYA2,0jPWC00000005yz2AA,Both,UnitPrice,Product,2026-04-01T00:00:00.000+0000,,USD
182WC000000FN1JYAW,01tWC00000DCxmOYAT,FIM-FIM-NRPS-TTBELP,Tripwire - Term Based Enterprise License,01tWC00000DCxmNYAT,FIM-FIM-RNM-TTBELN,Tripwire - Term Based Enterprise License-NewMaintenance,01uWC000005wsjIYAQ,01sWC0000022GHFYA2,0jPWC00000005yz2AA,Both,UnitPrice,Product,2026-04-01T00:00:00.000+0000,,USD
182WC000000FN1FYAW,01tWC00000DD1otYAD,FIM-FIM-NRPS-VEMEEP,VnE Manager Ev Express,01tWC00000DCyyIYAT,FIM-FIM-RNM-VEMEEN,VnE Manager Ev Express-NewMaintenance,01uWC000005wt5qYAA,01sWC0000022GHFYA2,0jPWC00000005yz2AA,Both,UnitPrice,Product,2026-04-01T00:00:00.000+0000,,USD
182WC000000FN1DYAW,01tWC00000DCyyLYAT,FIM-FIM-NRPS-VEMELP,VnE Manager Ev Limited,01tWC00000DCyyKYAT,FIM-FIM-RNM-VEMELN,VnE Manager Ev Limited-NewMaintenance,01uWC000005wt5rYAA,01sWC0000022GHFYA2,0jPWC00000005yz2AA,Both,UnitPrice,Product,2026-04-01T00:00:00.000+0000,,USD
182WC000000FN1BYAW,01tWC00000DCyyCYAT,FIM-FML-NRPS-VEMEVP,VnE Manager Ev,01tWC00000DCyyBYAT,FIM-FIM-RNM-VEMENM,VnE Manager Ev-NewMaintenance,01uWC000005wt5pYAA,01sWC0000022GHFYA2,0jPWC00000005yz2AA,Both,UnitPrice,Product,2026-04-01T00:00:00.000+0000,,USD
182WC000000HOYzYAO,01tWC00000DD16EYAT,FIM-FIM-NRPS-CCMLIM,CCM Limited Management Server,01tWC00000DD16FYAT,FIM-FIM-RRM-CCMLIR,CCM Limited Management Server-RenewalMaintenance,01uWC000005wt7qYAA,,0jPWC000000060b2AA,Both,UnitPrice,Product,2026-04-01T00:00:00.000+0000,2099-12-31T00:00:00.000+0000,USD
182WC000000FN2yYAG,01tWC00000DD16IYAT,FIM-FIM-NRPS-CCMLIE,CCM Limited Scan Engine,01tWC00000DD16JYAT,FIM-FIM-RRM-CCMLSC,CCM Limited Scan Engine-RenewalMaintenance,01uWC000005wsyfYAA,01sWC0000022GHFYA2,0jPWC000000060b2AA,Both,UnitPrice,Product,2026-04-01T00:00:00.000+0000,,USD
182WC000000FN17YAG,01tWC00000DD16KYAT,FIM-FIM-RSS-CCMMSF,CCM Management Server - FIM Only,01tWC00000DD16NYAT,FIM-FIM-RRM-CCMMSR,CCM Management Server-RenewalMaintenance,01uWC000005wt7rYAA,01sWC0000022GHFYA2,0jPWC000000060b2AA,Both,UnitPrice,Product,2026-04-01T00:00:00.000+0000,,USD
182WC000000HOabYAG,01tWC00000DD15sYAD,FIM-FML-NRPS-CCMNDP,CCM for Network Devices,01tWC00000DD15tYAD,FIM-FIM-RRM-CCMNDR,CCM for Network Devices-RenewalMaintenance,01uWC000005wt7mYAA,,0jPWC000000060b2AA,Both,UnitPrice,Product,2026-04-01T00:00:00.000+0000,2099-12-31T00:00:00.000+0000,USD
182WC000000FN2vYAG,01tWC00000DD15sYAD,FIM-FML-NRPS-CCMNDP,CCM for Network Devices,01tWC00000FBYsCYAX,FIM-FIM-RRM-CCMNDR-TECH,CCM for Network Devices (Technical)-RenewalMaintenance,01uWC000005xE7KYAU,01sWC0000022GHFYA2,0jPWC000000060b2AA,Both,UnitPrice,Product,2026-04-01T00:00:00.000+0000,,USD
182WC000000HOcDYAW,01tWC00000DD16RYAT,FIM-FIM-NRPS-CCMSEP,CCM Scan Engine,01tWC00000DD16SYAT,FIM-FIM-RRM-CCMSCA,CCM Scan Engine-RenewalMaintenance,01uWC000005wt7sYAA,,0jPWC000000060b2AA,Both,UnitPrice,Product,2026-04-01T00:00:00.000+0000,2099-12-31T00:00:00.000+0000,USD
182WC000000FN2xYAG,01tWC00000DD162YAD,FIM-FML-NRPS-CCMSIP,CCM for Single Purpose Devices,01tWC00000DD163YAD,FIM-FIM-RRM-CCMSIR,CCM for Single Purpose Devices-RenewalMaintenance,01uWC000005wt7oYAA,01sWC0000022GHFYA2,0jPWC000000060b2AA,Both,UnitPrice,Product,2026-04-01T00:00:00.000+0000,,USD
182WC000000HOdpYAG,01tWC00000DD15xYAD,FIM-FML-NRPS-CCMSER,CCM for Servers,01tWC00000DD15yYAD,FIM-FIM-RRM-CCMSRM,CCM for Servers-RenewalMaintenance,01uWC000005wt7nYAA,,0jPWC000000060b2AA,Both,UnitPrice,Product,2026-04-01T00:00:00.000+0000,2099-12-31T00:00:00.000+0000,USD
182WC000000FN2wYAG,01tWC00000DD15xYAD,FIM-FML-NRPS-CCMSER,CCM for Servers,01tWC00000FBYsGYAX,FIM-FIM-RRM-CCMSRM-TECH,CCM for Servers (Technical)-RenewalMaintenance,01uWC000005xE7MYAU,01sWC0000022GHFYA2,0jPWC000000060b2AA,Both,UnitPrice,Product,2026-04-01T00:00:00.000+0000,,USD
182WC000000HOfRYAW,01tWC00000DD167YAD,FIM-FIM-NRPS-CCMWOR,CCM for Workstations,01tWC00000DD168YAD,FIM-FIM-RRM-CCMWRM,CCM for Workstations-RenewalMaintenance,01uWC000005wt7pYAA,,0jPWC000000060b2AA,Both,UnitPrice,Product,2026-04-01T00:00:00.000+0000,2099-12-31T00:00:00.000+0000,USD
182WC000000FN18YAG,01tWC00000DD1BUYA1,FIM-FIM-RSS-DPEEXS,Device Profiler Ev Express,01tWC00000DD1BTYA1,FIM-FIM-RRM-DPEERM,Device Profiler Ev Express-RenewalMaintenance,01uWC000005wt7zYAA,01sWC0000022GHFYA2,0jPWC000000060b2AA,Both,UnitPrice,Product,2026-04-01T07:00:00.000+0000,,USD
182WC000000HOh3YAG,01tWC00000DD1BOYA1,FIM-FIM-NRPS-DPEPER,Device Profiler Ev,01tWC00000DD1BPYA1,FIM-FIM-RRM-DPEREN,Device Profiler Ev-RenewalMaintenance,01uWC000005wt7xYAA,,0jPWC000000060b2AA,Both,UnitPrice,Product,2026-04-01T00:00:00.000+0000,2099-12-31T00:00:00.000+0000,USD
182WC000000FN30YAG,01tWC00000DD1HxYAL,FIM-FIM-NRPS-FIMDEP,File Integrity Manager for Desktops,01tWC00000DD1HyYAL,FIM-FIM-RRM-FIMDER,File Integrity Manager for Desktops-RenewalMaintenance,01uWC000005wsb1YAA,01sWC0000022GHFYA2,0jPWC000000060b2AA,Both,UnitPrice,Product,2026-04-01T00:00:00.000+0000,,USD
182WC000000FN2zYAG,01tWC00000DD1HtYAL,FIM-FIM-NRPS-FIMDAT,File Integrity Manager for Databases,01tWC00000DD1HuYAL,FIM-FIM-RRM-FIMDRM,File Integrity Manager for Databases-RenewalMaintenance,01uWC000005wsx4YAA,01sWC0000022GHFYA2,0jPWC000000060b2AA,Both,UnitPrice,Product,2026-04-01T00:00:00.000+0000,,USD
182WC000000FN37YAG,01tWC00000DD1I1YAL,FIM-FIM-NRPS-FIMDSP,File Integrity Manager for Directory Services,01tWC00000DD1I2YAL,FIM-FIM-RRM-FIMDSR,File Integrity Manager for Directory Services-RenewalMaintenance,01uWC000005wsx6YAA,01sWC0000022GHFYA2,0jPWC000000060b2AA,Both,UnitPrice,Product,2026-04-01T00:00:00.000+0000,,USD
182WC000000FN31YAG,01tWC00000DD1I5YAL,FIM-FIM-NRPS-FIMFSP,File Integrity Manager for File Systems,01tWC00000DD1I6YAL,FIM-FIM-RRM-FIMFSR,File Integrity Manager for File Systems-RenewalMaintenance,01uWC000005wsb2YAA,01sWC0000022GHFYA2,0jPWC000000060b2AA,Both,UnitPrice,Product,2026-04-01T00:00:00.000+0000,,USD
182WC000000FN38YAG,01tWC00000DD1I9YAL,FIM-FIM-NRPS-FIMLAR,File Integrity Manager for Large Stores (up to 75 FIM-FS),01tWC00000DD1IAYA1,FIM-FIM-RRM-FIMLAS,File Integrity Manager for Large Stores (up to 75 FIM-FS)-RenewalMaintenance,01uWC000005wsx8YAA,01sWC0000022GHFYA2,0jPWC000000060b2AA,Both,UnitPrice,Product,2026-04-01T00:00:00.000+0000,,USD
182WC000000HOifYAG,01tWC00000DD1ICYA1,FIM-FIM-NRPS-FIMLAD,"File Integrity Manager for Large Stores w/ND & DB (up to 75 FS, 75 ND & 1 DB)",01tWC00000DD1IDYA1,FIM-FIM-RRM-FIMLST,"File Integrity Manager for Large Stores w/ND & DB (up to 75 FS, 75 ND & 1 DB)-RenewalMaintenance",01uWC000005wsyoYAA,,0jPWC000000060b2AA,Both,UnitPrice,Product,2026-04-01T00:00:00.000+0000,2099-12-31T00:00:00.000+0000,USD
182WC000000FN39YAG,01tWC00000DD1IFYA1,FIM-FIM-NRPS-FIMMID,File Integrity Manager for Mid-Size Stores (up to 20 FS),01tWC00000DD1IGYA1,FIM-FIM-RRM-FIMMIS,File Integrity Manager for Mid-Size Stores (up to 20 FS)-RenewalMaintenance,01uWC000005wt8BYAQ,01sWC0000022GHFYA2,0jPWC000000060b2AA,Both,UnitPrice,Product,2026-04-01T00:00:00.000+0000,,USD
182WC000000FN3BYAW,01tWC00000DD1JeYAL,FIM-FIM-NRPS-FIMMPE,"FIM for Mid-Size Stores w/ND & DB (up to 20 FS, 20 ND & 1 DB)",01tWC00000DD1JfYAL,FIM-FIM-RRM-FIMMRE,"FIM for Mid-Size Stores w/ND & DB (up to 20 FS, 20 ND & 1 DB)-RenewalMaintenance",01uWC000005wsywYAA,01sWC0000022GHFYA2,0jPWC000000060b2AA,Both,UnitPrice,Product,2026-04-01T00:00:00.000+0000,,USD
182WC000000FN32YAG,01tWC00000DD1IJYA1,FIM-FIM-NRPS-FIMNDP,File Integrity Manager for Network Devices,01tWC00000DD1IKYA1,FIM-FIM-RRM-FIMNDR,File Integrity Manager for Network Devices-RenewalMaintenance,01uWC000005wsb3YAA,01sWC0000022GHFYA2,0jPWC000000060b2AA,Both,UnitPrice,Product,2026-04-01T00:00:00.000+0000,,USD
182WC000000FN3AYAW,01tWC00000DD1IOYA1,FIM-FIM-NRPS-FIMPOE,File Integrity Manager for POS End Point Systems,01tWC00000DD1IPYA1,FIM-FIM-RRM-FIMPOR,File Integrity Manager for POS End Point Systems-RenewalMaintenance,01uWC000005wsb4YAA,01sWC0000022GHFYA2,0jPWC000000060b2AA,Both,UnitPrice,Product,2026-04-01T00:00:00.000+0000,,USD
182WC000000FN33YAG,01tWC00000DD1ITYA1,FIM-FIM-NRPS-FIMPSP,File Integrity Manager for POS Servers,01tWC00000DD1IUYA1,FIM-FIM-RRM-FIMPSR,File Integrity Manager for POS Servers-RenewalMaintenance,01uWC000005wsb5YAA,01sWC0000022GHFYA2,0jPWC000000060b2AA,Both,UnitPrice,Product,2026-04-01T00:00:00.000+0000,,USD
182WC000000HOkHYAW,01tWC00000DD1IaYAL,FIM-FIM-NRPS-FIMSMD,"File Integrity Manager for Small Stores w/ND & DB (up to 5 FS, 5 ND & 1 DB)",01tWC00000DD1IbYAL,FIM-FIM-RRM-FIMSMR,"File Integrity Manager for Small Stores w/ND & DB (up to 5 FS, 5 ND & 1 DB)-RenewalMaintenance",01uWC000005wt8CYAQ,,0jPWC000000060b2AA,Both,UnitPrice,Product,2026-04-01T00:00:00.000+0000,2099-12-31T00:00:00.000+0000,USD
182WC000000FN34YAG,01tWC00000DD1IXYA1,FIM-FIM-NRPS-FIMSMA,File Integrity Manager for Small Stores (up to 5 FIM-FS),01tWC00000DD1IYYA1,FIM-FIM-RRM-FIMSMS,File Integrity Manager for Small Stores (up to 5 FIM-FS)-RenewalMaintenance,01uWC000005wsb6YAA,01sWC0000022GHFYA2,0jPWC000000060b2AA,Both,UnitPrice,Product,2026-04-01T00:00:00.000+0000,,USD
182WC000000FN35YAG,01tWC00000DD1IeYAL,FIM-FIM-NRPS-FIMVEP,File Integrity Manager for VMware ESX,01tWC00000DD1IfYAL,FIM-FIM-RRM-FIMVER,File Integrity Manager for VMware ESX-RenewalMaintenance,01uWC000005wsb7YAA,01sWC0000022GHFYA2,0jPWC000000060b2AA,Both,UnitPrice,Product,2026-04-01T00:00:00.000+0000,,USD
182WC000000FN3CYAW,01tWC00000DCwWVYA1,FIM-FML-NRPS-IP36PE,IP360,01tWC00000DD20bYAD,FIM-FIM-RRM-IERM,IP360 - EVAL-RenewalMaintenance,01uWC000005wsuoYAA,01sWC0000022GHFYA2,0jPWC00000005yz2AA,Both,UnitPrice,Product,2026-04-01T00:00:00.000+0000,,USD
182WC000000FN3DYAW,01tWC00000DCwWZYA1,FIM-FML-NRPS-IP36TE,IP360 - Term Based,01tWC00000DCwWaYAL,FIM-FIM-RRM-IP36FA,IP360 - Term Based-RenewalMaintenance,01uWC000005wsbJYAQ,01sWC0000022GHFYA2,0jPWC000000060b2AA,Both,UnitPrice,Product,2026-04-01T00:00:00.000+0000,,USD
182WC000000FN3EYAW,01tWC00000DD1V6YAL,FIM-FIM-NRPS-PMDP,Policy Manager for Desktops,01tWC00000DD1V7YAL,FIM-FIM-RRM-PMDRM,Policy Manager for Desktops-RenewalMaintenance,01uWC000005wsbQYAQ,01sWC0000022GHFYA2,0jPWC000000060b2AA,Both,UnitPrice,Product,2026-04-01T00:00:00.000+0000,,USD
182WC000000FN3FYAW,01tWC00000DD1VBYA1,FIM-FIM-NRPS-PMFSP,Policy Manager for File Systems,01tWC00000DD1VCYA1,FIM-FIM-RRM-PMFSRM,Policy Manager for File Systems-RenewalMaintenance,01uWC000005wsbRYAQ,01sWC0000022GHFYA2,0jPWC000000060b2AA,Both,UnitPrice,Product,2026-04-01T00:00:00.000+0000,,USD
182WC000000FN3GYAW,01tWC00000DD1ZwYAL,FIM-FIM-NRPS-PMNDP,Policy Manager for Network Devices,01tWC00000FBZZ9YAP,FIM-FIM-RRM-PMNDRM-TECH,Policy Manager for Network Devices (Technical)-RenewalMaintenance,01uWC000005xE7OYAU,01sWC0000022GHFYA2,0jPWC000000060b2AA,Both,UnitPrice,Product,2026-04-01T00:00:00.000+0000,,USD
182WC000000FN3HYAW,01tWC00000DD1a1YAD,FIM-FIM-NRPS-PMPP,Policy Manager for POS End Point Systems,01tWC00000FBZZEYA5,FIM-FIM-RRM-PMPM-TECH,Policy Manager for POS End Point Systems (Technical)-RenewalMaintenance,01uWC000005xE7QYAU,01sWC0000022GHFYA2,0jPWC000000060b2AA,Both,UnitPrice,Product,2026-04-01T00:00:00.000+0000,,USD
182WC000000FN36YAG,01tWC00000DD1a6YAD,FIM-FIM-NRPS-PMPSP,Policy Manager for POS Servers,01tWC00000FBZZJYA5,FIM-FIM-RRM-PMPSRM-TECH,Policy Manager for POS Servers (Technical)-RenewalMaintenance,01uWC000005xE7SYAU,01sWC0000022GHFYA2,0jPWC000000060b2AA,Both,UnitPrice,Product,2026-04-01T00:00:00.000+0000,,USD
182WC000000FN3IYAW,01tWC00000DD1aBYAT,FIM-FIM-NRPS-PMVEP,Policy Manager for VMware ESX,01tWC00000DD1aCYAT,FIM-FIM-RRM-PMVERM,Policy Manager for VMware ESX-RenewalMaintenance,01uWC000005wsbTYAQ,01sWC0000022GHFYA2,0jPWC000000060b2AA,Both,UnitPrice,Product,2026-04-01T00:00:00.000+0000,,USD
182WC000000FN3OYAW,01tWC00000DCxkyYAD,FIM-FIM-NRPS-TEEP,TE Academic Institution Site License - VMWare ESX,01tWC00000DCxkzYAD,FIM-FIM-RRM-TACAIN,TE Academic Institution Site License - VMWare ESX-RenewalMaintenance,01uWC000005wsimYAA,01sWC0000022GHFYA2,0jPWC000000060b2AA,Both,UnitPrice,Product,2026-04-01T00:00:00.000+0000,,USD
182WC000000FN3QYAW,01tWC00000DD1gMYAT,FIM-FIM-NRPS-TRIPWI,Tripwire App - Custom Workflow Integration for Nozomi - Utility,01tWC00000DD1gNYAT,FIM-FIM-RRM-TACM,Tripwire App - Custom Workflow Integration for Nozomi - Utility-RenewalMaintenance,01uWC000005wsz5YAA,01sWC0000022GHFYA2,0jPWC000000060b2AA,Both,UnitPrice,Product,2026-04-01T00:00:00.000+0000,,USD
182WC000000FN3KYAW,01tWC00000DD1meYAD,FIM-FIM-NRPS-TEACAD,TE Academic Institution Site License - Database,01tWC00000DD1mfYAD,FIM-FIM-RRM-TAIM,TE Academic Institution Site License - Database-RenewalMaintenance,01uWC000005wsfVYAQ,01sWC0000022GHFYA2,0jPWC000000060b2AA,Both,UnitPrice,Product,2026-04-01T00:00:00.000+0000,,USD
182WC000000FN2mYAG,01tWC00000DD1hKYAT,FIM-FML-NRPS-TCUUP,Tripwire CCM Unlimited Use,01tWC00000DD1hLYAT,FIM-FIM-RRM-TCUURM,Tripwire CCM Unlimited Use-RenewalMaintenance,01uWC000005wsflYAA,01sWC0000022GHFYA2,0jPWC000000060b2AA,Both,UnitPrice,Product,2026-04-01T00:00:00.000+0000,,USD
182WC000000FN3rYAG,01tWC00000DD1npYAD,FIM-FIM-NRPS-TDP,Tripwire for Databases,01tWC00000DD1nqYAD,FIM-FIM-RRM-TDRM,Tripwire for Databases-RenewalMaintenance,01uWC000005wsg3YAA,01sWC0000022GHFYA2,0jPWC000000060b2AA,Both,UnitPrice,Product,2026-04-01T00:00:00.000+0000,,USD
182WC000000FN3qYAG,01tWC00000DD1ntYAD,FIM-FIM-NRPS-TDSP,Tripwire for Directory Services,01tWC00000DD1nuYAD,FIM-FIM-RRM-TDSRM,Tripwire for Directory Services-RenewalMaintenance,01uWC000005wsg4YAA,01sWC0000022GHFYA2,0jPWC000000060b2AA,Both,UnitPrice,Product,2026-04-01T00:00:00.000+0000,,USD
182WC000000FN3NYAW,01tWC00000DCxkvYAD,FIM-FIM-NRPS-TEDP,TE Academic Institution Site License - Network Device,01tWC00000DCxkwYAD,FIM-FIM-RRM-TEACAI,TE Academic Institution Site License - Network Device-RenewalMaintenance,01uWC000005wsfaYAA,01sWC0000022GHFYA2,0jPWC000000060b2AA,Both,UnitPrice,Product,2026-04-01T00:00:00.000+0000,,USD
182WC000000FN3MYAW,01tWC00000DCxkoYAD,FIM-FIM-NRPS-TESP,TE Academic Institution Site License - Directory Services,01tWC00000DCxktYAD,FIM-FIM-RRM-TEACI,TE Academic Institution Site License - File Systems-RenewalMaintenance,01uWC000005wsfZYAQ,01sWC0000022GHFYA2,0jPWC000000060b2AA,Both,UnitPrice,Product,2026-04-01T00:00:00.000+0000,,USD
182WC000000FN3JYAW,01tWC00000DCxkrYAD,FIM-FIM-NRPS-TEAI,TE Academic Institution Site License - File Systems,01tWC00000DCxktYAD,FIM-FIM-RRM-TEACI,TE Academic Institution Site License - File Systems-RenewalMaintenance,01uWC000005wsfZYAQ,01sWC0000022GHFYA2,0jPWC000000060b2AA,Both,UnitPrice,Product,2026-04-01T00:00:00.000+0000,,USD
182WC000000FN2UYAW,01tWC00000DD1hWYAT,FIM-FIM-NRPS-TECP,Tripwire Enterprise Console,01tWC00000DD1hXYAT,FIM-FIM-RRM-TECRM,Tripwire Enterprise Console-RenewalMaintenance,01uWC000005wsfpYAA,01sWC0000022GHFYA2,0jPWC000000060b2AA,Both,UnitPrice,Product,2026-04-01T00:00:00.000+0000,,USD
182WC000000FN2kYAG,01tWC00000DD1hfYAD,FIM-FIM-NRPS-TRDP,Tripwire Enterprise for Databases,01tWC00000DD1hgYAD,FIM-FIM-RRM-TEDRM,Tripwire Enterprise for Databases-RenewalMaintenance,01uWC000005wqfmYAA,01sWC0000022GHFYA2,0jPWC000000060b2AA,Both,UnitPrice,Product,2026-04-01T00:00:00.000+0000,,USD
182WC000000FN2iYAG,01tWC00000DD1hqYAD,FIM-FIM-NRPS-TEDSP,Tripwire Enterprise for Directory Services,01tWC00000DD1hrYAD,FIM-FIM-RRM-TEDSRM,Tripwire Enterprise for Directory Services-RenewalMaintenance,01uWC000005wsxJYAQ,01sWC0000022GHFYA2,0jPWC000000060b2AA,Both,UnitPrice,Product,2026-04-01T00:00:00.000+0000,,USD
182WC000000FN2lYAG,01tWC00000DD1haYAD,FIM-FIM-NRPS-TEECP,Tripwire Enterprise Express Console,01tWC00000DD1hbYAD,FIM-FIM-RRM-TEECRM,Tripwire Enterprise Express Console-RenewalMaintenance,01uWC000005wsfqYAA,01sWC0000022GHFYA2,0jPWC000000060b2AA,Both,UnitPrice,Product,2026-04-01T00:00:00.000+0000,,USD
182WC000000FN2VYAW,01tWC00000DD1hxYAD,FIM-FIM-NRPS-TEFSP,Tripwire Enterprise for File Systems,01tWC00000DCzGGYA1,FIM-FIM-RRM-TEFSRM,Tripwire Enterprise for File Systems-RenewalMaintenance,01uWC000005wsfsYAA,01sWC0000022GHFYA2,0jPWC000000060b2AA,Both,UnitPrice,Product,2026-04-01T00:00:00.000+0000,,USD
182WC000000FN2WYAW,01tWC00000DCzGJYA1,FIM-FIM-NRPS-TEIDP,Tripwire Enterprise for Industrial Devices,01tWC00000DCzGKYA1,FIM-FIM-RRM-TEIDRM,Tripwire Enterprise for Industrial Devices-RenewalMaintenance,01uWC000005wt8WYAQ,01sWC0000022GHFYA2,0jPWC000000060b2AA,Both,UnitPrice,Product,2026-04-01T00:00:00.000+0000,,USD
182WC000000FN2hYAG,01tWC00000DD1mpYAD,FIM-FIM-NRPS-TELP,Tripwire Enterprise for Large Stores (up to 75 FS),01tWC00000DD1mqYAD,FIM-FIM-RRM-TELM,Tripwire Enterprise for Large Stores (up to 75 FS)-RenewalMaintenance,01uWC000005wt8XYAQ,01sWC0000022GHFYA2,0jPWC000000060b2AA,Both,UnitPrice,Product,2026-04-01T00:00:00.000+0000,,USD
182WC000000FN2fYAG,01tWC00000DD1mvYAD,FIM-FIM-NRPS-TEMEP,Tripwire Enterprise for Microsoft Exchange,01tWC00000DD1mwYAD,FIM-FIM-RRM-TEMERM,Tripwire Enterprise for Microsoft Exchange-RenewalMaintenance,01uWC000005wsfuYAA,01sWC0000022GHFYA2,0jPWC000000060b2AA,Both,UnitPrice,Product,2026-04-01T00:00:00.000+0000,,USD
182WC000000FN3kYAG,01tWC00000DD1n1YAD,FIM-FIM-NRPS-TEMIP,Tripwire Enterprise for Microsoft IIS,01tWC00000DD1n2YAD,FIM-FIM-RRM-TEMIRM,Tripwire Enterprise for Microsoft IIS-RenewalMaintenance,01uWC000005wsfvYAA,01sWC0000022GHFYA2,0jPWC000000060b2AA,Both,UnitPrice,Product,2026-04-01T00:00:00.000+0000,,USD
182WC000000FN2eYAG,01tWC00000DD1n5YAD,FIM-FIM-NRPS-TEMP,Tripwire Enterprise for Mid-Size Stores (Up to 20 FS),01tWC00000DD1n6YAD,FIM-FIM-RRM-TEMM,Tripwire Enterprise for Mid-Size Stores (Up to 20 FS)-RenewalMaintenance,01uWC000005wt8ZYAQ,01sWC0000022GHFYA2,0jPWC000000060b2AA,Both,UnitPrice,Product,2026-04-01T00:00:00.000+0000,,USD
182WC000000FN2dYAG,01tWC00000DD1nEYAT,FIM-FIM-NRPS-TENDP,Tripwire Enterprise for Network Devices,01tWC00000DD1nFYAT,FIM-FIM-RRM-TENDRM,Tripwire Enterprise for Network Devices-RenewalMaintenance,01uWC000005wsfxYAA,01sWC0000022GHFYA2,0jPWC000000060b2AA,Both,UnitPrice,Product,2026-04-01T00:00:00.000+0000,,USD
182WC000000FN2gYAG,01tWC00000DD1msYAD,FIM-FIM-NRPS-TRENTE,"Tripwire Enterprise for Large Stores w/ ND & DB (up to 75 FS, 75 ND & 1 DB)",01tWC00000DD1mtYAD,FIM-FIM-RRM-TENTER,"Tripwire Enterprise for Large Stores w/ ND & DB (up to 75 FS, 75 ND & 1 DB)-RenewalMaintenance",01uWC000005wt8YYAQ,01sWC0000022GHFYA2,0jPWC000000060b2AA,Both,UnitPrice,Product,2026-04-01T00:00:00.000+0000,,USD
182WC000000FN2bYAG,01tWC00000DD1nOYAT,FIM-FIM-NRPS-TEPSP,Tripwire Enterprise for POS Servers,01tWC00000DD1nPYAT,FIM-FIM-RRM-TEPSRM,Tripwire Enterprise for POS Servers-RenewalMaintenance,01uWC000005wsfzYAA,01sWC0000022GHFYA2,0jPWC000000060b2AA,Both,UnitPrice,Product,2026-04-01T00:00:00.000+0000,,USD
182WC000000FN3LYAW,01tWC00000DD1mhYAD,FIM-FIM-NRPS-TAIP,TE Academic Institution Site License - Desktop,01tWC00000DD1miYAD,FIM-FIM-RRM-TERM,TE Academic Institution Site License - Desktop-RenewalMaintenance,01uWC000005wsfWYAQ,01sWC0000022GHFYA2,0jPWC000000060b2AA,Both,UnitPrice,Product,2026-04-01T00:00:00.000+0000,,USD
182WC000000FN2aYAG,01tWC00000DD1nSYAT,FIM-FIM-NRPS-TRFP,Tripwire Enterprise for Small Stores (up to 5 FS),01tWC00000DD1nTYAT,FIM-FIM-RRM-TESM,Tripwire Enterprise for Small Stores (up to 5 FS)-RenewalMaintenance,01uWC000005wsg0YAA,01sWC0000022GHFYA2,0jPWC000000060b2AA,Both,UnitPrice,Product,2026-04-01T00:00:00.000+0000,,USD
182WC000000FN2ZYAW,01tWC00000DD1nYYAT,FIM-FIM-NRPS-TEVEP,Tripwire Enterprise for VMware ESX,01tWC00000DD1nZYAT,FIM-FIM-RRM-TEVERM,Tripwire Enterprise for VMware ESX-RenewalMaintenance,01uWC000005wsg2YAA,01sWC0000022GHFYA2,0jPWC000000060b2AA,Both,UnitPrice,Product,2026-04-01T00:00:00.000+0000,,USD
182WC000000FN3PYAW,01tWC00000DCxlaYAD,FIM-FML-NRPS-TFSWOR,TFS for Workstations,01tWC00000DCxlbYAD,FIM-FIM-RRM-TFSWRM,TFS for Workstations-RenewalMaintenance,01uWC000005wt8LYAQ,01sWC0000022GHFYA2,0jPWC000000060b2AA,Both,UnitPrice,Product,2026-04-01T00:00:00.000+0000,,USD
182WC000000FN3nYAG,01tWC00000DD1tRYAT,FIM-FML-NRPS-TMP,Tripwire Manager,01tWC00000DD1tSYAT,FIM-FIM-RRM-TMRM,Tripwire Manager-RenewalMaintenance,01uWC000005wt8tYAA,01sWC0000022GHFYA2,0jPWC000000060b2AA,Both,UnitPrice,Product,2026-04-01T00:00:00.000+0000,,USD
182WC000000FN3RYAW,01tWC00000DD1hCYAT,FIM-FIM-NRPS-TATP,Tripwire App - Term Based Enterprise Utility License,01tWC00000DD1hDYAT,FIM-FIM-RRM-TRATER,Tripwire App - Term Based Enterprise Utility License-RenewalMaintenance,01uWC000005wqfhYAA,01sWC0000022GHFYA2,0jPWC000000060b2AA,Both,UnitPrice,Product,2026-04-01T00:00:00.000+0000,,USD
182WC000000FN3gYAG,01tWC00000DD1n9YAD,FIM-FIM-NRPS-TRIPEM,"Tripwire Enterprise for Mid-Size Stores w/ ND & DB (up to 20 FS, 20 ND & 1 DB)",01tWC00000DD1nAYAT,FIM-FIM-RRM-TRIENM,"Tripwire Enterprise for Mid-Size Stores w/ ND & DB (up to 20 FS, 20 ND & 1 DB)-RenewalMaintenance",01uWC000005wt8aYAA,01sWC0000022GHFYA2,0jPWC000000060b2AA,Both,UnitPrice,Product,2026-04-01T00:00:00.000+0000,,USD
182WC000000FN2XYAW,01tWC00000DD1nVYAT,FIM-FIM-NRPS-TRIPES,"Tripwire Enterprise for Small Stores w/ ND & DB (up to 5 FS, 5 ND & 1 DB)",01tWC00000DD1nWYAT,FIM-FIM-RRM-TRIENS,"Tripwire Enterprise for Small Stores w/ ND & DB (up to 5 FS, 5 ND & 1 DB)-RenewalMaintenance",01uWC000005wsg1YAA,01sWC0000022GHFYA2,0jPWC000000060b2AA,Both,UnitPrice,Product,2026-04-01T00:00:00.000+0000,,USD
182WC000000FN2jYAG,01tWC00000DD1hmYAD,FIM-FIM-NRPS-TRIPEN,Tripwire Enterprise for Desktops,01tWC00000DD1hnYAD,FIM-FIM-RRM-TRIENT,Tripwire Enterprise for Desktops-RenewalMaintenance,01uWC000005wsfrYAA,01sWC0000022GHFYA2,0jPWC000000060b2AA,Both,UnitPrice,Product,2026-04-01T00:00:00.000+0000,,USD
182WC000000FN2cYAG,01tWC00000DD1nJYAT,FIM-FIM-NRPS-TEPP,Tripwire Enterprise for POS End Point Systems,01tWC00000DD1nKYAT,FIM-FIM-RRM-TRIPEP,Tripwire Enterprise for POS End Point Systems-RenewalMaintenance,01uWC000005wsfyYAA,01sWC0000022GHFYA2,0jPWC000000060b2AA,Both,UnitPrice,Product,2026-04-01T00:00:00.000+0000,,USD
182WC000000FN2YYAW,01tWC00000DD1hOYAT,FIM-FIM-NRPS-TEP,Tripwire Enterprise,01tWC00000DD1hPYAT,FIM-FIM-RRM-TRIPWE,Tripwire Enterprise-RenewalMaintenance,01uWC000005wsfmYAA,01sWC0000022GHFYA2,0jPWC000000060b2AA,Both,UnitPrice,Product,2026-04-01T00:00:00.000+0000,,USD
182WC000000FN3lYAG,01tWC00000DD1tdYAD,FIM-FIM-NRPS-TRST,Tripwire State Analyzer Express,01tWC00000DD1tfYAD,FIM-FIM-RRM-TSAERM,Tripwire State Analyzer Express-RenewalMaintenance,01uWC000005wt8uYAA,01sWC0000022GHFYA2,0jPWC000000060b2AA,Both,UnitPrice,Product,2026-04-01T00:00:00.000+0000,,USD
182WC000000FN3jYAG,01tWC00000DCxmOYAT,FIM-FIM-NRPS-TTBELP,Tripwire - Term Based Enterprise License,01tWC00000DD1taYAD,FIM-FIM-RRM-TSARM,Tripwire State Analyzer-RenewalMaintenance,01uWC000005wsjYYAQ,01sWC0000022GHFYA2,0jPWC000000060b2AA,Both,UnitPrice,Product,2026-04-01T00:00:00.000+0000,,USD
182WC000000FN3pYAG,01tWC00000DD1o2YAD,FIM-FML-NRPS-TSP,Tripwire for Servers,01tWC00000DD1o4YAD,FIM-FIM-RRM-TSRM,Tripwire for Servers-RenewalMaintenance,01uWC000005wt8bYAA,01sWC0000022GHFYA2,0jPWC000000060b2AA,Both,UnitPrice,Product,2026-04-01T00:00:00.000+0000,,USD
182WC000000FN2oYAG,01tWC00000DCxmOYAT,FIM-FIM-NRPS-TTBELP,Tripwire - Term Based Enterprise License,01tWC00000DD222YAD,FIM-FIM-RRM-TTBELRM,Tripwire - Term Based Enterprise License-RenewalMaintenance,01uWC000005wsnKYAQ,01sWC0000022GHFYA2,0jPWC00000005yz2AA,Both,UnitPrice,Product,2026-04-01T00:00:00.000+0000,,USD
182WC000000FN3fYAG,01tWC00000DD1otYAD,FIM-FIM-NRPS-VEMEEP,VnE Manager Ev Express,01tWC00000DD1ouYAD,FIM-FIM-RRM-VEMEER,VnE Manager Ev Express-RenewalMaintenance,01uWC000005wt8iYAA,01sWC0000022GHFYA2,0jPWC000000060b2AA,Both,UnitPrice,Product,2026-04-01T00:00:00.000+0000,,USD
182WC000000FN3TYAW,01tWC00000DCyyLYAT,FIM-FIM-NRPS-VEMELP,VnE Manager Ev Limited,01tWC00000DCyyMYAT,FIM-FIM-RRM-VEMELR,VnE Manager Ev Limited-RenewalMaintenance,01uWC000005wt8wYAA,01sWC0000022GHFYA2,0jPWC000000060b2AA,Both,UnitPrice,Product,2026-04-01T00:00:00.000+0000,,USD
182WC000000FN3SYAW,01tWC00000DCyyCYAT,FIM-FML-NRPS-VEMEVP,VnE Manager Ev,01tWC00000DCyyDYAT,FIM-FIM-RRM-VEMERM,VnE Manager Ev-RenewalMaintenance,01uWC000005wt8vYAA,01sWC0000022GHFYA2,0jPWC000000060b2AA,Both,UnitPrice,Product,2026-04-01T00:00:00.000+0000,,USD
182WC000000FN2nYAG,01tWC00000DCyyGYAT,FIM-FIM-NRPS-VEMEVD,VnE Manager Ev & Device Profiler Ev,01tWC00000DCyyHYAT,FIM-FIM-RRM-VEMEVR,VnE Manager Ev & Device Profiler Ev-RenewalMaintenance,01uWC000005wsmqYAA,01sWC0000022GHFYA2,0jPWC000000060b2AA,Both,UnitPrice,Product,2026-04-01T00:00:00.000+0000,,USD
182WC000000FN3oYAG,01tWC00000DD1oHYAT,FIM-FML-NRPS-TINP,"Tripwire IP360 Non-transferable Unlimited Use (IP360, VnE-Ev, DP-Ev)",01tWC00000DD1oIYAT,FIM-FML-RRM-TINM,"Tripwire IP360 Non-transferable Unlimited Use (IP360, VnE-Ev, DP-Ev)-RenewalMaintenance",01uWC000005wsg9YAA,01sWC0000022GHFYA2,0jPWC000000060b2AA,Both,UnitPrice,Product,2026-04-01T00:00:00.000+0000,,USD
182WC000000FN1QYAW,01tWC00000DD1oXYAT,FIM-TLC-NRPS-TLCCP,Tripwire Log Center Console,01tWC00000DD1oWYAT,FIM-TLC-RNM-TLCCNM,Tripwire Log Center Console-NewMaintenance,01uWC000005wt5IYAQ,01sWC0000022GHFYA2,0jPWC00000005yz2AA,Both,UnitPrice,Product,2026-04-01T00:00:00.000+0000,,USD
182WC000000FN1OYAW,01tWC00000DD1ojYAD,FIM-TLC-NRPS-TRILOG,Tripwire Log Center for Desktops (includes Advanced Log Collector Agent),01tWC00000DD1oiYAD,FIM-TLC-RNM-TLCDIA,Tripwire Log Center for Desktops (includes Advanced Log Collector Agent)-NewMaintenance,01uWC000005wsy9YAA,01sWC0000022GHFYA2,0jPWC00000005yz2AA,Both,UnitPrice,Product,2026-04-01T00:00:00.000+0000,,USD
182WC000000FN1NYAW,01tWC00000DD1onYAD,FIM-TLC-NRPS-TLOG,Tripwire Log Center for Directory Services (includes Advanced Log Collector Agent),01tWC00000DD1omYAD,FIM-TLC-RNM-TLCDSI,Tripwire Log Center for Directory Services (includes Advanced Log Collector Agent)-NewMaintenance,01uWC000005wsyAYAQ,01sWC0000022GHFYA2,0jPWC00000005yz2AA,Both,UnitPrice,Product,2026-04-01T00:00:00.000+0000,,USD
182WC000000HP8TYAW,01tWC00000DD1osYAD,FIM-TLC-NRPS-TRILCE,Tripwire Log Center for File Systems  (includes Advanced Log Collector Agent),01tWC00000DD1oqYAD,FIM-TLC-RNM-TLCFSI,Tripwire Log Center for File Systems  (includes Advanced Log Collector Agent)-NewMaintenance,01uWC000005wsyBYAQ,,0jPWC00000005yz2AA,Both,UnitPrice,Product,2026-04-01T00:00:00.000+0000,2099-12-31T00:00:00.000+0000,USD
182WC000000FN1KYAW,01tWC00000DD1p0YAD,FIM-TLC-NRPS-TLCFSP,Tripwire Log Center for File Systems,01tWC00000DD1ozYAD,FIM-TLC-RNM-TLCFSN,Tripwire Log Center for File Systems-NewMaintenance,01uWC000005wqfBYAQ,01sWC0000022GHFYA2,0jPWC00000005yz2AA,Both,UnitPrice,Product,2026-04-01T00:00:00.000+0000,,USD
182WC000000FN1IYAW,01tWC00000DD1p3YAD,FIM-TLC-NRPS-TLCIEP,Tripwire Log Center for Industrial Environments,01tWC00000DD1p2YAD,FIM-TLC-RNM-TLCIEN,Tripwire Log Center for Industrial Environments-NewMaintenance,01uWC000005wsyCYAQ,01sWC0000022GHFYA2,0jPWC00000005yz2AA,Both,UnitPrice,Product,2026-04-01T00:00:00.000+0000,,USD
182WC000000FN1TYAW,01tWC00000DD1oSYAT,FIM-TLC-NRPS-TLCP,Tripwire Log Center Advanced Log Collector,01tWC00000DD1oQYAT,FIM-TLC-RNM-TLCM,Tripwire Log Center Advanced Log Collector-NewMaintenance,01uWC000005wt5HYAQ,01sWC0000022GHFYA2,0jPWC00000005yz2AA,Both,UnitPrice,Product,2026-04-01T00:00:00.000+0000,,USD
182WC000000HP5GYAW,01tWC00000DD1pAYAT,FIM-TLC-NRPS-TLOGCE,Tripwire Log Center for Microsoft Exchange (includes Advanced Log Collector Agent),01tWC00000DD1p6YAD,FIM-TLC-RNM-TLCMEI,Tripwire Log Center for Microsoft Exchange (includes Advanced Log Collector Agent)-NewMaintenance,01uWC000005wsyDYAQ,,0jPWC00000005yz2AA,Both,UnitPrice,Product,2026-04-01T00:00:00.000+0000,2099-12-31T00:00:00.000+0000,USD
182WC000000FN1HYAW,01tWC00000DD1pHYAT,FIM-TLC-NRPS-TRLOCM,Tripwire Log Center for Microsoft IIS (includes Advanced Log Collector Agent),01tWC00000DD1pGYAT,FIM-TLC-RNM-TLCMII,Tripwire Log Center for Microsoft IIS (includes Advanced Log Collector Agent)-NewMaintenance,01uWC000005wsyFYAQ,01sWC0000022GHFYA2,0jPWC00000005yz2AA,Both,UnitPrice,Product,2026-04-01T00:00:00.000+0000,,USD
182WC000000FN1XYAW,01tWC00000DD1tIYAT,FIM-TLC-NRPS-TLCMLP,Tripwire Log Center Manager License,01tWC00000DD1tHYAT,FIM-TLC-RNM-TLCMLN,Tripwire Log Center Manager License-NewMaintenance,01uWC000005wsmPYAQ,01sWC0000022GHFYA2,0jPWC00000005yz2AA,Both,UnitPrice,Product,2026-04-01T00:00:00.000+0000,,USD
182WC000000FN1WYAW,01tWC00000DD1prYAD,FIM-TLC-NRPS-TLCMP,Tripwire Log Center Manager,01tWC00000DD1ppYAD,FIM-TLC-RNM-TLCMNM,Tripwire Log Center Manager-NewMaintenance,01uWC000005wsyMYAQ,01sWC0000022GHFYA2,0jPWC00000005yz2AA,Both,UnitPrice,Product,2026-04-01T00:00:00.000+0000,,USD
182WC000000FN1EYAW,01tWC00000DD1pQYAT,FIM-TLC-NRPS-TRLOCN,Tripwire Log Center for Network Devices (includes Remote Collector),01tWC00000DD1pPYAT,FIM-TLC-RNM-TLCNDI,Tripwire Log Center for Network Devices (includes Remote Collector)-NewMaintenance,01uWC000005wsyGYAQ,01sWC0000022GHFYA2,0jPWC00000005yz2AA,Both,UnitPrice,Product,2026-04-01T00:00:00.000+0000,,USD
182WC000000FN1CYAW,01tWC00000DD1pNYAT,FIM-TLC-NRPS-TLCNDP,Tripwire Log Center for Network Devices,01tWC00000DD1pMYAT,FIM-TLC-RNM-TLCNDN,Tripwire Log Center for Network Devices-NewMaintenance,01uWC000005wsn0YAA,01sWC0000022GHFYA2,0jPWC00000005yz2AA,Both,UnitPrice,Product,2026-04-01T00:00:00.000+0000,,USD
182WC000000FN1AYAW,01tWC00000DD1pUYAT,FIM-TLC-NRPS-TRLOCP,Tripwire Log Center for POS End Point Systems (includes Advanced Log Collector Agent),01tWC00000DD1pTYAT,FIM-TLC-RNM-TLCPEP,Tripwire Log Center for POS End Point Systems (includes Advanced Log Collector Agent)-NewMaintenance,01uWC000005wsyHYAQ,01sWC0000022GHFYA2,0jPWC00000005yz2AA,Both,UnitPrice,Product,2026-04-01T00:00:00.000+0000,,USD
182WC000000FN1eYAG,01tWC00000DD1pYYAT,FIM-TLC-NRPS-TLOCPO,Tripwire Log Center for POS Servers (includes Advanced Log Collector Agent),01tWC00000DD1pXYAT,FIM-TLC-RNM-TLCPSI,Tripwire Log Center for POS Servers (includes Advanced Log Collector Agent)-NewMaintenance,01uWC000005wsyJYAQ,01sWC0000022GHFYA2,0jPWC00000005yz2AA,Both,UnitPrice,Product,2026-04-01T00:00:00.000+0000,,USD
182WC000000FN1UYAW,01tWC00000DD1tLYAT,FIM-TLC-NRPS-TRLOCR,Tripwire Log Center Remote Log Collector,01tWC00000DD1tKYAT,FIM-TLC-RNM-TLCRLC,Tripwire Log Center Remote Log Collector-NewMaintenance,01uWC000005wsyNYAQ,01sWC0000022GHFYA2,0jPWC00000005yz2AA,Both,UnitPrice,Product,2026-04-01T00:00:00.000+0000,,USD
182WC000000FN1dYAG,01tWC00000DD1peYAD,FIM-TLC-NRPS-TLCSDP,Tripwire Log Center for Security Devices,01tWC00000DD1pdYAD,FIM-TLC-RNM-TLCSDN,Tripwire Log Center for Security Devices-NewMaintenance,01uWC000005wsn1YAA,01sWC0000022GHFYA2,0jPWC00000005yz2AA,Both,UnitPrice,Product,2026-04-01T00:00:00.000+0000,,USD
182WC000000FN1SYAW,01tWC00000DD1oLYAT,FIM-TLC-NRPS-TLCTBP,Tripwire Log Center - Term Based,01tWC00000DD1oKYAT,FIM-TLC-RNM-TLCTBN,Tripwire Log Center - Term Based-NewMaintenance,01uWC000005wqfAYAQ,01sWC0000022GHFYA2,0jPWC00000005yz2AA,Both,UnitPrice,Product,2026-04-01T00:00:00.000+0000,,USD
182WC000000FN1bYAG,01tWC00000DD1phYAD,FIM-TLC-NRPS-TRLOCV,Tripwire Log Center for VMware ESX (includes Advanced Log Collector Agent),01tWC00000DD1pgYAD,FIM-TLC-RNM-TLCVEI,Tripwire Log Center for VMware ESX (includes Advanced Log Collector Agent)-NewMaintenance,01uWC000005wsn2YAA,01sWC0000022GHFYA2,0jPWC00000005yz2AA,Both,UnitPrice,Product,2026-04-01T00:00:00.000+0000,,USD
182WC000000FN1aYAG,01tWC00000DD1pkYAD,FIM-TLC-NRPS-TLOCVM,Tripwire Log Center for VMware ESX (includes Remote Collector),01tWC00000DD1pjYAD,FIM-TLC-RNM-TLOCEV,Tripwire Log Center for VMware ESX (includes Remote Collector)-NewMaintenance,01uWC000005wsyLYAQ,01sWC0000022GHFYA2,0jPWC00000005yz2AA,Both,UnitPrice,Product,2026-04-01T00:00:00.000+0000,,USD
182WC000000HPA5YAO,01tWC00000DD1ocYAD,FIM-TLC-NRPS-TRCP,Tripwire Log Center for Databases (includes Remote Log Collector),01tWC00000DD1obYAD,FIM-TLC-RNM-TRIPWL,Tripwire Log Center for Databases (includes Remote Log Collector)-NewMaintenance,01uWC000005wt5JYAQ,,0jPWC00000005yz2AA,Both,UnitPrice,Product,2026-04-01T00:00:00.000+0000,2099-12-31T00:00:00.000+0000,USD
182WC000000FN3iYAG,01tWC00000DD1oXYAT,FIM-TLC-NRPS-TLCCP,Tripwire Log Center Console,01tWC00000DD1oYYAT,FIM-TLC-RRM-TLCCRM,Tripwire Log Center Console-RenewalMaintenance,01uWC000005wt8eYAA,01sWC0000022GHFYA2,0jPWC000000060b2AA,Both,UnitPrice,Product,2026-04-01T00:00:00.000+0000,,USD
182WC000000FN3dYAG,01tWC00000DD1p0YAD,FIM-TLC-NRPS-TLCFSP,Tripwire Log Center for File Systems,01tWC00000DD1p1YAD,FIM-TLC-RRM-TLCFSR,Tripwire Log Center for File Systems-RenewalMaintenance,01uWC000005wsgEYAQ,01sWC0000022GHFYA2,0jPWC000000060b2AA,Both,UnitPrice,Product,2026-04-01T00:00:00.000+0000,,USD
182WC000000FN3cYAG,01tWC00000DD1p3YAD,FIM-TLC-NRPS-TLCIEP,Tripwire Log Center for Industrial Environments,01tWC00000DD1p4YAD,FIM-TLC-RRM-TLCIER,Tripwire Log Center for Industrial Environments-RenewalMaintenance,01uWC000005wt8kYAA,01sWC0000022GHFYA2,0jPWC000000060b2AA,Both,UnitPrice,Product,2026-04-01T00:00:00.000+0000,,USD
182WC000000FN2pYAG,01tWC00000DD1tIYAT,FIM-TLC-NRPS-TLCMLP,Tripwire Log Center Manager License,01tWC00000DD1tJYAT,FIM-TLC-RRM-TLCMLR,Tripwire Log Center Manager License-RenewalMaintenance,01uWC000005wsjWYAQ,01sWC0000022GHFYA2,0jPWC000000060b2AA,Both,UnitPrice,Product,2026-04-01T00:00:00.000+0000,,USD
182WC000000FN3WYAW,01tWC00000DD1prYAD,FIM-TLC-NRPS-TLCMP,Tripwire Log Center Manager,01tWC00000DD1ptYAD,FIM-TLC-RRM-TLCMRM,Tripwire Log Center Manager-RenewalMaintenance,01uWC000005wsjVYAQ,01sWC0000022GHFYA2,0jPWC000000060b2AA,Both,UnitPrice,Product,2026-04-01T00:00:00.000+0000,,USD
182WC000000FN2sYAG,01tWC00000DD1pNYAT,FIM-TLC-NRPS-TLCNDP,Tripwire Log Center for Network Devices,01tWC00000DD1pOYAT,FIM-TLC-RRM-TLCNDR,Tripwire Log Center for Network Devices-RenewalMaintenance,01uWC000005wsgFYAQ,01sWC0000022GHFYA2,0jPWC000000060b2AA,Both,UnitPrice,Product,2026-04-01T00:00:00.000+0000,,USD
182WC000000FN2rYAG,01tWC00000DD1peYAD,FIM-TLC-NRPS-TLCSDP,Tripwire Log Center for Security Devices,01tWC00000DD1pfYAD,FIM-TLC-RRM-TLCSDR,Tripwire Log Center for Security Devices-RenewalMaintenance,01uWC000005wsgGYAQ,01sWC0000022GHFYA2,0jPWC000000060b2AA,Both,UnitPrice,Product,2026-04-01T00:00:00.000+0000,,USD
182WC000000FN3UYAW,01tWC00000DD1oLYAT,FIM-TLC-NRPS-TLCTBP,Tripwire Log Center - Term Based,01tWC00000DD1oMYAT,FIM-TLC-RRM-TLCTBR,Tripwire Log Center - Term Based-RenewalMaintenance,01uWC000005wsgAYAQ,01sWC0000022GHFYA2,0jPWC000000060b2AA,Both,UnitPrice,Product,2026-04-01T00:00:00.000+0000,,USD
182WC000000HOltYAG,01tWC00000DD1pAYAT,FIM-TLC-NRPS-TLOGCE,Tripwire Log Center for Microsoft Exchange (includes Advanced Log Collector Agent),01tWC00000DD1pBYAT,FIM-TLC-RRM-TLOCEN,Tripwire Log Center for Microsoft Exchange (includes Advanced Log Collector Agent)-RenewalMaintenance,01uWC000005wt8mYAA,,0jPWC000000060b2AA,Both,UnitPrice,Product,2026-04-01T00:00:00.000+0000,2099-12-31T00:00:00.000+0000,USD
182WC000000FN3aYAG,01tWC00000DD1pQYAT,FIM-TLC-NRPS-TRLOCN,Tripwire Log Center for Network Devices (includes Remote Collector),01tWC00000DD1pRYAT,FIM-TLC-RRM-TLOCNE,Tripwire Log Center for Network Devices (includes Remote Collector)-RenewalMaintenance,01uWC000005wt8pYAA,01sWC0000022GHFYA2,0jPWC000000060b2AA,Both,UnitPrice,Product,2026-04-01T00:00:00.000+0000,,USD
182WC000000FN3eYAG,01tWC00000DD1onYAD,FIM-TLC-NRPS-TLOG,Tripwire Log Center for Directory Services (includes Advanced Log Collector Agent),01tWC00000DD1ooYAD,FIM-TLC-RRM-TRIPLC,Tripwire Log Center for Directory Services (includes Advanced Log Collector Agent)-RenewalMaintenance,01uWC000005wt8hYAA,01sWC0000022GHFYA2,0jPWC000000060b2AA,Both,UnitPrice,Product,2026-04-01T00:00:00.000+0000,,USD
182WC000000HOnVYAW,01tWC00000DD1ocYAD,FIM-TLC-NRPS-TRCP,Tripwire Log Center for Databases (includes Remote Log Collector),01tWC00000DD1odYAD,FIM-TLC-RRM-TRIPLO,Tripwire Log Center for Databases (includes Remote Log Collector)-RenewalMaintenance,01uWC000005wt8fYAA,,0jPWC000000060b2AA,Both,UnitPrice,Product,2026-04-01T00:00:00.000+0000,2099-12-31T00:00:00.000+0000,USD
182WC000000FN3bYAG,01tWC00000DD1pHYAT,FIM-TLC-NRPS-TRLOCM,Tripwire Log Center for Microsoft IIS (includes Advanced Log Collector Agent),01tWC00000DD1pIYAT,FIM-TLC-RRM-TRLCEM,Tripwire Log Center for Microsoft IIS (includes Advanced Log Collector Agent)-RenewalMaintenance,01uWC000005wt8oYAA,01sWC0000022GHFYA2,0jPWC000000060b2AA,Both,UnitPrice,Product,2026-04-01T00:00:00.000+0000,,USD
182WC000000FN3ZYAW,01tWC00000DD1pUYAT,FIM-TLC-NRPS-TRLOCP,Tripwire Log Center for POS End Point Systems (includes Advanced Log Collector Agent),01tWC00000DD1pVYAT,FIM-TLC-RRM-TRLCEP,Tripwire Log Center for POS End Point Systems (includes Advanced Log Collector Agent)-RenewalMaintenance,01uWC000005wsyIYAQ,01sWC0000022GHFYA2,0jPWC000000060b2AA,Both,UnitPrice,Product,2026-04-01T00:00:00.000+0000,,USD
182WC000000FN3VYAW,01tWC00000DD1tLYAT,FIM-TLC-NRPS-TRLOCR,Tripwire Log Center Remote Log Collector,01tWC00000DD1tMYAT,FIM-TLC-RRM-TRLCER,Tripwire Log Center Remote Log Collector-RenewalMaintenance,01uWC000005wt8sYAA,01sWC0000022GHFYA2,0jPWC000000060b2AA,Both,UnitPrice,Product,2026-04-01T00:00:00.000+0000,,USD
182WC000000FN2qYAG,01tWC00000DD1phYAD,FIM-TLC-NRPS-TRLOCV,Tripwire Log Center for VMware ESX (includes Advanced Log Collector Agent),01tWC00000DD1piYAD,FIM-TLC-RRM-TRLCEV,Tripwire Log Center for VMware ESX (includes Advanced Log Collector Agent)-RenewalMaintenance,01uWC000005wsn3YAA,01sWC0000022GHFYA2,0jPWC000000060b2AA,Both,UnitPrice,Product,2026-04-01T00:00:00.000+0000,,USD
182WC000000FN3YYAW,01tWC00000DD1pYYAT,FIM-TLC-NRPS-TLOCPO,Tripwire Log Center for POS Servers (includes Advanced Log Collector Agent),01tWC00000DD1pZYAT,FIM-TLC-RRM-TRLCPS,Tripwire Log Center for POS Servers (includes Advanced Log Collector Agent)-RenewalMaintenance,01uWC000005wsyKYAQ,01sWC0000022GHFYA2,0jPWC000000060b2AA,Both,UnitPrice,Product,2026-04-01T00:00:00.000+0000,,USD
182WC000000FN3XYAW,01tWC00000DD1pkYAD,FIM-TLC-NRPS-TLOCVM,Tripwire Log Center for VMware ESX (includes Remote Collector),01tWC00000DD1plYAD,FIM-TLC-RRM-TRLCVE,Tripwire Log Center for VMware ESX (includes Remote Collector)-RenewalMaintenance,01uWC000005wt8qYAA,01sWC0000022GHFYA2,0jPWC000000060b2AA,Both,UnitPrice,Product,2026-04-01T00:00:00.000+0000,,USD
182WC000000FN3mYAG,01tWC00000DD1oSYAT,FIM-TLC-NRPS-TLCP,Tripwire Log Center Advanced Log Collector,01tWC00000DD1oTYAT,FIM-TLC-RRM-TRLO,Tripwire Log Center Advanced Log Collector-RenewalMaintenance,01uWC000005wt8cYAA,01sWC0000022GHFYA2,0jPWC000000060b2AA,Both,UnitPrice,Product,2026-04-01T00:00:00.000+0000,,USD
182WC000000FN3hYAG,01tWC00000DD1ojYAD,FIM-TLC-NRPS-TRILOG,Tripwire Log Center for Desktops (includes Advanced Log Collector Agent),01tWC00000DD1okYAD,FIM-TLC-RRM-TRLOG,Tripwire Log Center for Desktops (includes Advanced Log Collector Agent)-RenewalMaintenance,01uWC000005wt8gYAA,01sWC0000022GHFYA2,0jPWC000000060b2AA,Both,UnitPrice,Product,2026-04-01T00:00:00.000+0000,,USD
182WC000000HOp7YAG,01tWC00000DD1osYAD,FIM-TLC-NRPS-TRILCE,Tripwire Log Center for File Systems  (includes Advanced Log Collector Agent),01tWC00000DD1ovYAD,FIM-TLC-RRM-TRLOGC,Tripwire Log Center for File Systems  (includes Advanced Log Collector Agent)-RenewalMaintenance,01uWC000005wt8jYAA,,0jPWC000000060b2AA,Both,UnitPrice,Product,2026-04-01T00:00:00.000+0000,2099-12-31T00:00:00.000+0000,USD
182WC000000HEPxYAO,01tWC00000DD1DxYAL,GS-GSE-NRPS-E8CP,EFT 8 Continuum,01tWC00000DD1DwYAL,GS-GSE-RNM-EFT8,EFT 8 Continuum-NewMaintenance,01uWC000005wsZnYAI,01sWC0000022GHFYA2,0jPWC00000005yz2AA,Both,UnitPrice,Product,2026-04-01T00:00:00.000+0000,,USD
182WC000000FN26YAG,01tWC00000DD1btYAD,PIA-PIA-NRPS-PIAP,Powertech Identity & Access Manager (BoKS),01tWC00000DD1bsYAD,PIA-PIA-RNM-PIAMBK,Powertech Identity & Access Manager (BoKS)-NewMaintenance,01uWC000005wsbUYAQ,01sWC0000022GHFYA2,0jPWC00000005yz2AA,Both,UnitPrice,Product,2026-04-01T00:00:00.000+0000,2099-12-31T00:00:00.000+0000,USD
182WC000000FN2tYAG,01tWC00000DD1btYAD,PIA-PIA-NRPS-PIAP,Powertech Identity & Access Manager (BoKS),01tWC00000DD1buYAD,PIA-PIA-RRM-PIAM,Powertech Identity & Access Manager (BoKS)-RenewalMaintenance,01uWC000005wsbVYAQ,01sWC0000022GHFYA2,0jPWC000000060b2AA,Both,UnitPrice,Product,2026-04-01T00:00:00.000+0000,,USD
182WC000000HNcvYAG,01tWC00000DD1btYAD,PIA-PIA-NRPS-PIAP,Powertech Identity & Access Manager (BoKS),01tWC00000DD1buYAD,PIA-PIA-RRM-PIAM,Powertech Identity & Access Manager (BoKS)-RenewalMaintenance,01uWC000006XPNZYA4,,0jPWC00000005yz2AA,Both,UnitPrice,Product,2026-04-01T00:00:00.000+0000,,USD
182WC000000HNcwYAG,01tWC00000DD1btYAD,PIA-PIA-NRPS-PIAP,Powertech Identity & Access Manager (BoKS),01tWC00000DD1buYAD,PIA-PIA-RRM-PIAM,Powertech Identity & Access Manager (BoKS)-RenewalMaintenance,01uWC000006XPPBYA4,,0jPWC00000005yz2AA,Both,UnitPrice,Product,2026-04-01T00:00:00.000+0000,,USD
182WC000000FN2GYAW,01tWC00000DD14zYAD,RPA-AUT-NRPS-AUP,Automate Ultimate,01tWC00000DD14yYAD,RPA-AUT-RNM-AUNM,Automate Ultimate-NewMaintenance,01uWC000005wspiYAA,01sWC0000022GHFYA2,0jPWC00000005yz2AA,Both,UnitPrice,Product,2026-04-01T00:00:00.000+0000,,USD
182WC000000FN2uYAG,01tWC00000DD14zYAD,RPA-AUT-NRPS-AUP,Automate Ultimate,01tWC00000DD150YAD,RPA-AUT-RRM-AUUL,Automate Ultimate-RenewalMaintenance,01uWC000005wspjYAA,01sWC0000022GHFYA2,0jPWC000000060b2AA,Both,UnitPrice,Product,2026-04-01T00:00:00.000+0000,,USD
182WC000000HNjNYAW,01tWC00000IAqPbYAL,ZZ_E2E_RCA_20260613-SRC,ZZ_E2E_RCA_20260613 Source Product,01tWC00000IAluiYAD,ZZ_E2E_RCA_20260613,ZZ_E2E_RCA_20260613 Test Product,01uWC000006otttYAA,01sWC000001yExBYAU,,Both,UnitPrice,Product,2026-01-01T00:00:00.000+0000,,USD
