ProductId,Product.Name,Product.ProductCode,ContributingProductId,ContributingProduct.Name,ContributingProduct.ProductCode
01tWC00000DD1BRYA1,Device Profiler Ev Express-NewMaintenance,FIM-FIM-RNM-DPEENM,01tWC00000DD1BUYA1,Device Profiler Ev Express,FIM-FIM-RSS-DPEEXS
01tWC00000DD16NYAT,CCM Management Server-RenewalMaintenance,FIM-FIM-RRM-CCMMSR,01tWC00000DD16KYAT,CCM Management Server - FIM Only,FIM-FIM-RSS-CCMMSF
01tWC00000DD1BTYA1,Device Profiler Ev Express-RenewalMaintenance,FIM-FIM-RRM-DPEERM,01tWC00000DD1BUYA1,Device Profiler Ev Express,FIM-FIM-RSS-DPEEXS
01tWC00000DD1tcYAD,Tripwire State Analyzer Express-NewMaintenance,FIM-FIM-RNM-TSAENM,01tWC00000DCyyGYAT,VnE Manager Ev & Device Profiler Ev,FIM-FIM-NRPS-VEMEVD
01tWC00000DD1pTYAT,Tripwire Log Center for POS End Point Systems (includes Advanced Log Collector Agent)-NewMaintenance,FIM-TLC-RNM-TLCPEP,01tWC00000DD1pUYAT,Tripwire Log Center for POS End Point Systems (includes Advanced Log Collector Agent),FIM-TLC-NRPS-TRLOCP
01tWC00000DCyyBYAT,VnE Manager Ev-NewMaintenance,FIM-FIM-RNM-VEMENM,01tWC00000DCyyCYAT,VnE Manager Ev,FIM-FML-NRPS-VEMEVP
01tWC00000DD1pMYAT,Tripwire Log Center for Network Devices-NewMaintenance,FIM-TLC-RNM-TLCNDN,01tWC00000DD1pNYAT,Tripwire Log Center for Network Devices,FIM-TLC-NRPS-TLCNDP
01tWC00000DCyyKYAT,VnE Manager Ev Limited-NewMaintenance,FIM-FIM-RNM-VEMELN,01tWC00000DCyyLYAT,VnE Manager Ev Limited,FIM-FIM-NRPS-VEMELP
01tWC00000DD1pPYAT,Tripwire Log Center for Network Devices (includes Remote Collector)-NewMaintenance,FIM-TLC-RNM-TLCNDI,01tWC00000DD1pQYAT,Tripwire Log Center for Network Devices (includes Remote Collector),FIM-TLC-NRPS-TRLOCN
01tWC00000DCyyIYAT,VnE Manager Ev Express-NewMaintenance,FIM-FIM-RNM-VEMEEN,01tWC00000DD1otYAD,VnE Manager Ev Express,FIM-FIM-NRPS-VEMEEP
01tWC00000DD1n7YAD,"Tripwire Enterprise for Mid-Size Stores w/ ND & DB (up to 20 FS, 20 ND & 1 DB)-NewMaintenance",FIM-FIM-RNM-TEMSSW,01tWC00000DD1n9YAD,"Tripwire Enterprise for Mid-Size Stores w/ ND & DB (up to 20 FS, 20 ND & 1 DB)",FIM-FIM-NRPS-TRIPEM
01tWC00000DD1pGYAT,Tripwire Log Center for Microsoft IIS (includes Advanced Log Collector Agent)-NewMaintenance,FIM-TLC-RNM-TLCMII,01tWC00000DD1pHYAT,Tripwire Log Center for Microsoft IIS (includes Advanced Log Collector Agent),FIM-TLC-NRPS-TRLOCM
01tWC00000DD1p2YAD,Tripwire Log Center for Industrial Environments-NewMaintenance,FIM-TLC-RNM-TLCIEN,01tWC00000DD1p3YAD,Tripwire Log Center for Industrial Environments,FIM-TLC-NRPS-TLCIEP
01tWC00000DCxmNYAT,Tripwire - Term Based Enterprise License-NewMaintenance,FIM-FIM-RNM-TTBELN,01tWC00000DCxmOYAT,Tripwire - Term Based Enterprise License,FIM-FIM-NRPS-TTBELP
01tWC00000DD1ozYAD,Tripwire Log Center for File Systems-NewMaintenance,FIM-TLC-RNM-TLCFSN,01tWC00000DD1p0YAD,Tripwire Log Center for File Systems,FIM-TLC-NRPS-TLCFSP
01tWC00000DD1tYYAT,Tripwire State Analyzer-NewMaintenance,FIM-FIM-RNM-TSANM,01tWC00000DD1tZYAT,Tripwire State Analyzer,FIM-FIM-NRPS-TSAP
01tWC00000DD1tcYAD,Tripwire State Analyzer Express-NewMaintenance,FIM-FIM-RNM-TSAENM,01tWC00000DD1tdYAD,Tripwire State Analyzer Express,FIM-FIM-NRPS-TRST
01tWC00000DD1omYAD,Tripwire Log Center for Directory Services (includes Advanced Log Collector Agent)-NewMaintenance,FIM-TLC-RNM-TLCDSI,01tWC00000DD1onYAD,Tripwire Log Center for Directory Services (includes Advanced Log Collector Agent),FIM-TLC-NRPS-TLOG
01tWC00000DD1oiYAD,Tripwire Log Center for Desktops (includes Advanced Log Collector Agent)-NewMaintenance,FIM-TLC-RNM-TLCDIA,01tWC00000DD1ojYAD,Tripwire Log Center for Desktops (includes Advanced Log Collector Agent),FIM-TLC-NRPS-TRILOG
01tWC00000DD1tQYAT,Tripwire Manager-NewMaintenance,FIM-FIM-RNM-TMNM,01tWC00000DD1tRYAT,Tripwire Manager,FIM-FML-NRPS-TMP
01tWC00000DD1oWYAT,Tripwire Log Center Console-NewMaintenance,FIM-TLC-RNM-TLCCNM,01tWC00000DD1oXYAT,Tripwire Log Center Console,FIM-TLC-NRPS-TLCCP
01tWC00000DD1n0YAD,Tripwire Enterprise for Microsoft IIS-NewMaintenance,FIM-FIM-RNM-TEMINM,01tWC00000DD1n1YAD,Tripwire Enterprise for Microsoft IIS,FIM-FIM-NRPS-TEMIP
01tWC00000DD1oKYAT,Tripwire Log Center - Term Based-NewMaintenance,FIM-TLC-RNM-TLCTBN,01tWC00000DD1oLYAT,Tripwire Log Center - Term Based,FIM-TLC-NRPS-TLCTBP
01tWC00000DD1oQYAT,Tripwire Log Center Advanced Log Collector-NewMaintenance,FIM-TLC-RNM-TLCM,01tWC00000DD1oSYAT,Tripwire Log Center Advanced Log Collector,FIM-TLC-NRPS-TLCP
01tWC00000DD1tKYAT,Tripwire Log Center Remote Log Collector-NewMaintenance,FIM-TLC-RNM-TLCRLC,01tWC00000DD1tLYAT,Tripwire Log Center Remote Log Collector,FIM-TLC-NRPS-TRLOCR
01tWC00000DD1oGYAT,"Tripwire IP360 Non-transferable Unlimited Use (IP360, VnE-Ev, DP-Ev)-NewMaintenance",FIM-FIM-RNM-TINTUU,01tWC00000DD1oHYAT,"Tripwire IP360 Non-transferable Unlimited Use (IP360, VnE-Ev, DP-Ev)",FIM-FML-NRPS-TINP
01tWC00000DD1ppYAD,Tripwire Log Center Manager-NewMaintenance,FIM-TLC-RNM-TLCMNM,01tWC00000DD1prYAD,Tripwire Log Center Manager,FIM-TLC-NRPS-TLCMP
01tWC00000DD1tHYAT,Tripwire Log Center Manager License-NewMaintenance,FIM-TLC-RNM-TLCMLN,01tWC00000DD1tIYAT,Tripwire Log Center Manager License,FIM-TLC-NRPS-TLCMLP
01tWC00000DD1o1YAD,Tripwire for Servers-NewMaintenance,FIM-FIM-RNM-TSNM,01tWC00000DD1o2YAD,Tripwire for Servers,FIM-FML-NRPS-TSP
01tWC00000DD1nsYAD,Tripwire for Directory Services-NewMaintenance,FIM-FIM-RNM-TDSNM,01tWC00000DD1ntYAD,Tripwire for Directory Services,FIM-FIM-NRPS-TDSP
01tWC00000DD1pjYAD,Tripwire Log Center for VMware ESX (includes Remote Collector)-NewMaintenance,FIM-TLC-RNM-TLOCEV,01tWC00000DD1pkYAD,Tripwire Log Center for VMware ESX (includes Remote Collector),FIM-TLC-NRPS-TLOCVM
01tWC00000DD1pgYAD,Tripwire Log Center for VMware ESX (includes Advanced Log Collector Agent)-NewMaintenance,FIM-TLC-RNM-TLCVEI,01tWC00000DD1phYAD,Tripwire Log Center for VMware ESX (includes Advanced Log Collector Agent),FIM-TLC-NRPS-TRLOCV
01tWC00000DD1noYAD,Tripwire for Databases-NewMaintenance,FIM-FIM-RNM-TDNM,01tWC00000DD1npYAD,Tripwire for Databases,FIM-FIM-NRPS-TDP
01tWC00000DD1pdYAD,Tripwire Log Center for Security Devices-NewMaintenance,FIM-TLC-RNM-TLCSDN,01tWC00000DD1peYAD,Tripwire Log Center for Security Devices,FIM-TLC-NRPS-TLCSDP
01tWC00000DD1pXYAT,Tripwire Log Center for POS Servers (includes Advanced Log Collector Agent)-NewMaintenance,FIM-TLC-RNM-TLCPSI,01tWC00000DD1pYYAT,Tripwire Log Center for POS Servers (includes Advanced Log Collector Agent),FIM-TLC-NRPS-TLOCPO
01tWC00000DD1nUYAT,"Tripwire Enterprise for Small Stores w/ ND & DB (up to 5 FS, 5 ND & 1 DB)-NewMaintenance",FIM-FIM-RNM-TESSWN,01tWC00000DD1nVYAT,"Tripwire Enterprise for Small Stores w/ ND & DB (up to 5 FS, 5 ND & 1 DB)",FIM-FIM-NRPS-TRIPES
01tWC00000DD1hNYAT,Tripwire Enterprise-NewMaintenance,FIM-FIM-RNM-TREN,01tWC00000DD1hOYAT,Tripwire Enterprise,FIM-FIM-NRPS-TEP
01tWC00000DCxksYAD,Tripwire Enterprise for VMware ESX-NewMaintenance,FIM-FIM-RNM-TEVENM,01tWC00000DD1nYYAT,Tripwire Enterprise for VMware ESX,FIM-FIM-NRPS-TEVEP
01tWC00000DD1nRYAT,Tripwire Enterprise for Small Stores (up to 5 FS)-NewMaintenance,FIM-FIM-RNM-TESSUT,01tWC00000DD1nSYAT,Tripwire Enterprise for Small Stores (up to 5 FS),FIM-FIM-NRPS-TRFP
01tWC00000DD1nNYAT,Tripwire Enterprise for POS Servers-NewMaintenance,FIM-FIM-RNM-TEPSNM,01tWC00000DD1nOYAT,Tripwire Enterprise for POS Servers,FIM-FIM-NRPS-TEPSP
01tWC00000DD1gLYAT,Tripwire App - Custom Workflow Integration for Nozomi - Utility-NewMaintenance,FIM-FIM-RNM-TACWIN,01tWC00000DD1gMYAT,Tripwire App - Custom Workflow Integration for Nozomi - Utility,FIM-FIM-NRPS-TRIPWI
01tWC00000DD1nIYAT,Tripwire Enterprise for POS End Point Systems-NewMaintenance,FIM-FIM-RNM-TEPM,01tWC00000DD1nJYAT,Tripwire Enterprise for POS End Point Systems,FIM-FIM-NRPS-TEPP
01tWC00000DCxlZYAT,TFS for Workstations-NewMaintenance,FIM-FIM-RNM-TFSWNM,01tWC00000DCxlaYAD,TFS for Workstations,FIM-FML-NRPS-TFSWOR
01tWC00000DD1nDYAT,Tripwire Enterprise for Network Devices-NewMaintenance,FIM-FIM-RNM-TENDNM,01tWC00000DD1nEYAT,Tripwire Enterprise for Network Devices,FIM-FIM-NRPS-TENDP
01tWC00000DCxkxYAD,TE Academic Institution Site License - VMWare ESX-NewMaintenance,FIM-FIM-RNM-TEAINS,01tWC00000DCxkyYAD,TE Academic Institution Site License - VMWare ESX,FIM-FIM-NRPS-TEEP
01tWC00000DD1n4YAD,Tripwire Enterprise for Mid-Size Stores (Up to 20 FS)-NewMaintenance,FIM-FIM-RNM-TEMSSU,01tWC00000DD1n5YAD,Tripwire Enterprise for Mid-Size Stores (Up to 20 FS),FIM-FIM-NRPS-TEMP
01tWC00000DCxkuYAD,TE Academic Institution Site License - Network Device-NewMaintenance,FIM-FIM-RNM-TEAIN,01tWC00000DCxkvYAD,TE Academic Institution Site License - Network Device,FIM-FIM-NRPS-TEDP
01tWC00000DD1muYAD,Tripwire Enterprise for Microsoft Exchange-NewMaintenance,FIM-FIM-RNM-TEMENM,01tWC00000DD1mvYAD,Tripwire Enterprise for Microsoft Exchange,FIM-FIM-NRPS-TEMEP
01tWC00000DD1mrYAD,"Tripwire Enterprise for Large Stores w/ ND & DB (up to 75 FS, 75 ND & 1 DB)-NewMaintenance",FIM-FIM-RNM-TELSWN,01tWC00000DD1msYAD,"Tripwire Enterprise for Large Stores w/ ND & DB (up to 75 FS, 75 ND & 1 DB)",FIM-FIM-NRPS-TRENTE
01tWC00000DCxkqYAD,TE Academic Institution Site License - File Systems-NewMaintenance,FIM-FIM-RNM-TACADE,01tWC00000DCxkoYAD,TE Academic Institution Site License - Directory Services,FIM-FIM-NRPS-TESP
01tWC00000DD1mgYAD,TE Academic Institution Site License - Desktop-NewMaintenance,FIM-FIM-RNM-TEAC,01tWC00000DD1mhYAD,TE Academic Institution Site License - Desktop,FIM-FIM-NRPS-TAIP
01tWC00000DD1moYAD,Tripwire Enterprise for Large Stores (up to 75 FS)-NewMaintenance,FIM-FIM-RNM-TELSUT,01tWC00000DD1mpYAD,Tripwire Enterprise for Large Stores (up to 75 FS),FIM-FIM-NRPS-TELP
01tWC00000DD1hwYAD,Tripwire Enterprise for File Systems-NewMaintenance,FIM-FIM-RNM-TEFSNM,01tWC00000DD1hxYAD,Tripwire Enterprise for File Systems,FIM-FIM-NRPS-TEFSP
01tWC00000DD1hpYAD,Tripwire Enterprise for Directory Services-NewMaintenance,FIM-FIM-RNM-TEDSNM,01tWC00000DD1hqYAD,Tripwire Enterprise for Directory Services,FIM-FIM-NRPS-TEDSP
01tWC00000DD1hlYAD,Tripwire Enterprise for Desktops-NewMaintenance,FIM-FIM-RNM-TEDM,01tWC00000DD1hmYAD,Tripwire Enterprise for Desktops,FIM-FIM-NRPS-TRIPEN
01tWC00000DD1heYAD,Tripwire Enterprise for Databases-NewMaintenance,FIM-FIM-RNM-TEDNM,01tWC00000DD1hfYAD,Tripwire Enterprise for Databases,FIM-FIM-NRPS-TRDP
01tWC00000DD1hZYAT,Tripwire Enterprise Express Console-NewMaintenance,FIM-FIM-RNM-TEECNM,01tWC00000DD1haYAD,Tripwire Enterprise Express Console,FIM-FIM-NRPS-TEECP
01tWC00000DD1hUYAT,Tripwire Enterprise Console-NewMaintenance,FIM-FIM-RNM-TECNM,01tWC00000DD1hWYAT,Tripwire Enterprise Console,FIM-FIM-NRPS-TECP
01tWC00000DD1hJYAT,Tripwire CCM Unlimited Use-NewMaintenance,FIM-FIM-RNM-TCUUNM,01tWC00000DD1hKYAT,Tripwire CCM Unlimited Use,FIM-FML-NRPS-TCUUP
01tWC00000DD1hBYAT,Tripwire App - Term Based Enterprise Utility License-NewMaintenance,FIM-FIM-RNM-TATBEU,01tWC00000DD1hCYAT,Tripwire App - Term Based Enterprise Utility License,FIM-FIM-NRPS-TATP
01tWC00000DD1HsYAL,File Integrity Manager for Databases-NewMaintenance,FIM-FIM-RNM-FIMDNM,01tWC00000DD1HtYAL,File Integrity Manager for Databases,FIM-FIM-NRPS-FIMDAT
01tWC00000DD161YAD,CCM for Single Purpose Devices-NewMaintenance,FIM-FIM-RNM-CCMSIN,01tWC00000DD162YAD,CCM for Single Purpose Devices,FIM-FML-NRPS-CCMSIP
01tWC00000DD1bsYAD,Powertech Identity & Access Manager (BoKS)-NewMaintenance,PIA-PIA-RNM-PIAMBK,01tWC00000DD1btYAD,Powertech Identity & Access Manager (BoKS),PIA-PIA-NRPS-PIAP
01tWC00000DD1HwYAL,File Integrity Manager for Desktops-NewMaintenance,FIM-FIM-RNM-FIMDES,01tWC00000DD1HxYAL,File Integrity Manager for Desktops,FIM-FIM-NRPS-FIMDEP
01tWC00000DD1aAYAT,Policy Manager for VMware ESX-NewMaintenance,FIM-FIM-RNM-PMVENM,01tWC00000DD1aBYAT,Policy Manager for VMware ESX,FIM-FIM-NRPS-PMVEP
01tWC00000FBZZHYA5,Policy Manager for POS Servers (Technical)-NewMaintenance,FIM-FIM-RNM-PMPSNM-TECH,01tWC00000DD1a6YAD,Policy Manager for POS Servers,FIM-FIM-NRPS-PMPSP
01tWC00000DCwWYYA1,IP360 - Term Based-NewMaintenance,FIM-FIM-RNM-IP36TB,01tWC00000DCwWZYA1,IP360 - Term Based,FIM-FML-NRPS-IP36TE
01tWC00000FBZZCYA5,Policy Manager for POS End Point Systems (Technical)-NewMaintenance,FIM-FIM-RNM-POLICY-TECH,01tWC00000DD1a1YAD,Policy Manager for POS End Point Systems,FIM-FIM-NRPS-PMPP
01tWC00000FBZZ7YAP,Policy Manager for Network Devices (Technical)-NewMaintenance,FIM-FIM-RNM-PMNDNM-TECH,01tWC00000DD1ZwYAL,Policy Manager for Network Devices,FIM-FIM-NRPS-PMNDP
01tWC00000DD1VAYA1,Policy Manager for File Systems-NewMaintenance,FIM-FIM-RNM-PMFSNM,01tWC00000DD1VBYA1,Policy Manager for File Systems,FIM-FIM-NRPS-PMFSP
01tWC00000DD1V5YAL,Policy Manager for Desktops-NewMaintenance,FIM-FIM-RNM-PMDNM,01tWC00000DD1V6YAL,Policy Manager for Desktops,FIM-FIM-NRPS-PMDP
01tWC00000DD20cYAD,IP360 - EVAL-NewMaintenance,FIM-FIM-RNM-IENM,01tWC00000DCwWVYA1,IP360,FIM-FML-NRPS-IP36PE
01tWC00000DD14yYAD,Automate Ultimate-NewMaintenance,RPA-AUT-RNM-AUNM,01tWC00000DD14zYAD,Automate Ultimate,RPA-AUT-NRPS-AUP
01tWC00000DD1JdYAL,"FIM for Mid-Size Stores w/ND & DB (up to 20 FS, 20 ND & 1 DB)-NewMaintenance",FIM-FIM-RNM-FIMMNE,01tWC00000DD1JeYAL,"FIM for Mid-Size Stores w/ND & DB (up to 20 FS, 20 ND & 1 DB)",FIM-FIM-NRPS-FIMMPE
01tWC00000DD1INYA1,File Integrity Manager for POS End Point Systems-NewMaintenance,FIM-FIM-RNM-FIMPEP,01tWC00000DD1IOYA1,File Integrity Manager for POS End Point Systems,FIM-FIM-NRPS-FIMPOE
01tWC00000DD1mdYAD,TE Academic Institution Site License - Database-NewMaintenance,FIM-FIM-RNM-TEA,01tWC00000DD1meYAD,TE Academic Institution Site License - Database,FIM-FIM-NRPS-TEACAD
01tWC00000DD1IEYA1,File Integrity Manager for Mid-Size Stores (up to 20 FS)-NewMaintenance,FIM-FIM-RNM-FIMMSS,01tWC00000DD1IFYA1,File Integrity Manager for Mid-Size Stores (up to 20 FS),FIM-FIM-NRPS-FIMMID
01tWC00000DD1I8YAL,File Integrity Manager for Large Stores (up to 75 FIM-FS)-NewMaintenance,FIM-FIM-RNM-FIMLSU,01tWC00000DD1I9YAL,File Integrity Manager for Large Stores (up to 75 FIM-FS),FIM-FIM-NRPS-FIMLAR
01tWC00000DD1I0YAL,File Integrity Manager for Directory Services-NewMaintenance,FIM-FIM-RNM-FIMDSN,01tWC00000DD1I1YAL,File Integrity Manager for Directory Services,FIM-FIM-NRPS-FIMDSP
01tWC00000DD1IdYAL,File Integrity Manager for VMware ESX-NewMaintenance,FIM-FIM-RNM-FIMVEN,01tWC00000DD1IeYAL,File Integrity Manager for VMware ESX,FIM-FIM-NRPS-FIMVEP
01tWC00000DD1ISYA1,File Integrity Manager for POS Servers-NewMaintenance,FIM-FIM-RNM-FIMPSN,01tWC00000DD1ITYA1,File Integrity Manager for POS Servers,FIM-FIM-NRPS-FIMPSP
01tWC00000DD1IIYA1,File Integrity Manager for Network Devices-NewMaintenance,FIM-FIM-RNM-FIMNDN,01tWC00000DD1IJYA1,File Integrity Manager for Network Devices,FIM-FIM-NRPS-FIMNDP
01tWC00000DD1I4YAL,File Integrity Manager for File Systems-NewMaintenance,FIM-FIM-RNM-FIMFSN,01tWC00000DD1I5YAL,File Integrity Manager for File Systems,FIM-FIM-NRPS-FIMFSP
01tWC00000DD16HYAT,CCM Limited Scan Engine-NewMaintenance,FIM-FIM-RNM-CCMLSE,01tWC00000DD16IYAT,CCM Limited Scan Engine,FIM-FIM-NRPS-CCMLIE
01tWC00000FBYsFYAX,CCM for Servers (Technical)-NewMaintenance,FIM-FIM-RNM-CCMSNM-TECH,01tWC00000DD15xYAD,CCM for Servers,FIM-FML-NRPS-CCMSER
01tWC00000FBYsBYAX,CCM for Network Devices (Technical)-NewMaintenance,FIM-FIM-RNM-CCMNDN-TECH,01tWC00000DD15sYAD,CCM for Network Devices,FIM-FML-NRPS-CCMNDP
01tWC00000DD1hXYAT,Tripwire Enterprise Console-RenewalMaintenance,FIM-FIM-RRM-TECRM,01tWC00000DD1hWYAT,Tripwire Enterprise Console,FIM-FIM-NRPS-TECP
01tWC00000DCzGGYA1,Tripwire Enterprise for File Systems-RenewalMaintenance,FIM-FIM-RRM-TEFSRM,01tWC00000DD1hxYAD,Tripwire Enterprise for File Systems,FIM-FIM-NRPS-TEFSP
01tWC00000DCzGKYA1,Tripwire Enterprise for Industrial Devices-RenewalMaintenance,FIM-FIM-RRM-TEIDRM,01tWC00000DCzGJYA1,Tripwire Enterprise for Industrial Devices,FIM-FIM-NRPS-TEIDP
01tWC00000DD1nWYAT,"Tripwire Enterprise for Small Stores w/ ND & DB (up to 5 FS, 5 ND & 1 DB)-RenewalMaintenance",FIM-FIM-RRM-TRIENS,01tWC00000DD1nVYAT,"Tripwire Enterprise for Small Stores w/ ND & DB (up to 5 FS, 5 ND & 1 DB)",FIM-FIM-NRPS-TRIPES
01tWC00000DD1hPYAT,Tripwire Enterprise-RenewalMaintenance,FIM-FIM-RRM-TRIPWE,01tWC00000DD1hOYAT,Tripwire Enterprise,FIM-FIM-NRPS-TEP
01tWC00000DD1nZYAT,Tripwire Enterprise for VMware ESX-RenewalMaintenance,FIM-FIM-RRM-TEVERM,01tWC00000DD1nYYAT,Tripwire Enterprise for VMware ESX,FIM-FIM-NRPS-TEVEP
01tWC00000DD1nTYAT,Tripwire Enterprise for Small Stores (up to 5 FS)-RenewalMaintenance,FIM-FIM-RRM-TESM,01tWC00000DD1nSYAT,Tripwire Enterprise for Small Stores (up to 5 FS),FIM-FIM-NRPS-TRFP
01tWC00000DD1nPYAT,Tripwire Enterprise for POS Servers-RenewalMaintenance,FIM-FIM-RRM-TEPSRM,01tWC00000DD1nOYAT,Tripwire Enterprise for POS Servers,FIM-FIM-NRPS-TEPSP
01tWC00000DD1nKYAT,Tripwire Enterprise for POS End Point Systems-RenewalMaintenance,FIM-FIM-RRM-TRIPEP,01tWC00000DD1nJYAT,Tripwire Enterprise for POS End Point Systems,FIM-FIM-NRPS-TEPP
01tWC00000DD1nFYAT,Tripwire Enterprise for Network Devices-RenewalMaintenance,FIM-FIM-RRM-TENDRM,01tWC00000DD1nEYAT,Tripwire Enterprise for Network Devices,FIM-FIM-NRPS-TENDP
01tWC00000DD1n6YAD,Tripwire Enterprise for Mid-Size Stores (Up to 20 FS)-RenewalMaintenance,FIM-FIM-RRM-TEMM,01tWC00000DD1n5YAD,Tripwire Enterprise for Mid-Size Stores (Up to 20 FS),FIM-FIM-NRPS-TEMP
01tWC00000DD1mwYAD,Tripwire Enterprise for Microsoft Exchange-RenewalMaintenance,FIM-FIM-RRM-TEMERM,01tWC00000DD1mvYAD,Tripwire Enterprise for Microsoft Exchange,FIM-FIM-NRPS-TEMEP
01tWC00000DD1mtYAD,"Tripwire Enterprise for Large Stores w/ ND & DB (up to 75 FS, 75 ND & 1 DB)-RenewalMaintenance",FIM-FIM-RRM-TENTER,01tWC00000DD1msYAD,"Tripwire Enterprise for Large Stores w/ ND & DB (up to 75 FS, 75 ND & 1 DB)",FIM-FIM-NRPS-TRENTE
01tWC00000DD1mqYAD,Tripwire Enterprise for Large Stores (up to 75 FS)-RenewalMaintenance,FIM-FIM-RRM-TELM,01tWC00000DD1mpYAD,Tripwire Enterprise for Large Stores (up to 75 FS),FIM-FIM-NRPS-TELP
01tWC00000DD1hrYAD,Tripwire Enterprise for Directory Services-RenewalMaintenance,FIM-FIM-RRM-TEDSRM,01tWC00000DD1hqYAD,Tripwire Enterprise for Directory Services,FIM-FIM-NRPS-TEDSP
01tWC00000DD1hnYAD,Tripwire Enterprise for Desktops-RenewalMaintenance,FIM-FIM-RRM-TRIENT,01tWC00000DD1hmYAD,Tripwire Enterprise for Desktops,FIM-FIM-NRPS-TRIPEN
01tWC00000DD1hgYAD,Tripwire Enterprise for Databases-RenewalMaintenance,FIM-FIM-RRM-TEDRM,01tWC00000DD1hfYAD,Tripwire Enterprise for Databases,FIM-FIM-NRPS-TRDP
01tWC00000DD1hbYAD,Tripwire Enterprise Express Console-RenewalMaintenance,FIM-FIM-RRM-TEECRM,01tWC00000DD1haYAD,Tripwire Enterprise Express Console,FIM-FIM-NRPS-TEECP
01tWC00000DD1hLYAT,Tripwire CCM Unlimited Use-RenewalMaintenance,FIM-FIM-RRM-TCUURM,01tWC00000DD1hKYAT,Tripwire CCM Unlimited Use,FIM-FML-NRPS-TCUUP
01tWC00000DCyyHYAT,VnE Manager Ev & Device Profiler Ev-RenewalMaintenance,FIM-FIM-RRM-VEMEVR,01tWC00000DCyyGYAT,VnE Manager Ev & Device Profiler Ev,FIM-FIM-NRPS-VEMEVD
01tWC00000DD222YAD,Tripwire - Term Based Enterprise License-RenewalMaintenance,FIM-FIM-RRM-TTBELRM,01tWC00000DCxmOYAT,Tripwire - Term Based Enterprise License,FIM-FIM-NRPS-TTBELP
01tWC00000DD1tJYAT,Tripwire Log Center Manager License-RenewalMaintenance,FIM-TLC-RRM-TLCMLR,01tWC00000DD1tIYAT,Tripwire Log Center Manager License,FIM-TLC-NRPS-TLCMLP
01tWC00000DD1piYAD,Tripwire Log Center for VMware ESX (includes Advanced Log Collector Agent)-RenewalMaintenance,FIM-TLC-RRM-TRLCEV,01tWC00000DD1phYAD,Tripwire Log Center for VMware ESX (includes Advanced Log Collector Agent),FIM-TLC-NRPS-TRLOCV
01tWC00000DD1pfYAD,Tripwire Log Center for Security Devices-RenewalMaintenance,FIM-TLC-RRM-TLCSDR,01tWC00000DD1peYAD,Tripwire Log Center for Security Devices,FIM-TLC-NRPS-TLCSDP
01tWC00000DD1pOYAT,Tripwire Log Center for Network Devices-RenewalMaintenance,FIM-TLC-RRM-TLCNDR,01tWC00000DD1pNYAT,Tripwire Log Center for Network Devices,FIM-TLC-NRPS-TLCNDP
01tWC00000DD1buYAD,Powertech Identity & Access Manager (BoKS)-RenewalMaintenance,PIA-PIA-RRM-PIAM,01tWC00000DD1btYAD,Powertech Identity & Access Manager (BoKS),PIA-PIA-NRPS-PIAP
01tWC00000DD150YAD,Automate Ultimate-RenewalMaintenance,RPA-AUT-RRM-AUUL,01tWC00000DD14zYAD,Automate Ultimate,RPA-AUT-NRPS-AUP
01tWC00000FBYsCYAX,CCM for Network Devices (Technical)-RenewalMaintenance,FIM-FIM-RRM-CCMNDR-TECH,01tWC00000DD15sYAD,CCM for Network Devices,FIM-FML-NRPS-CCMNDP
01tWC00000FBYsGYAX,CCM for Servers (Technical)-RenewalMaintenance,FIM-FIM-RRM-CCMSRM-TECH,01tWC00000DD15xYAD,CCM for Servers,FIM-FML-NRPS-CCMSER
01tWC00000DD163YAD,CCM for Single Purpose Devices-RenewalMaintenance,FIM-FIM-RRM-CCMSIR,01tWC00000DD162YAD,CCM for Single Purpose Devices,FIM-FML-NRPS-CCMSIP
01tWC00000DD16JYAT,CCM Limited Scan Engine-RenewalMaintenance,FIM-FIM-RRM-CCMLSC,01tWC00000DD16IYAT,CCM Limited Scan Engine,FIM-FIM-NRPS-CCMLIE
01tWC00000DD1HuYAL,File Integrity Manager for Databases-RenewalMaintenance,FIM-FIM-RRM-FIMDRM,01tWC00000DD1HtYAL,File Integrity Manager for Databases,FIM-FIM-NRPS-FIMDAT
01tWC00000DD1HyYAL,File Integrity Manager for Desktops-RenewalMaintenance,FIM-FIM-RRM-FIMDER,01tWC00000DD1HxYAL,File Integrity Manager for Desktops,FIM-FIM-NRPS-FIMDEP
01tWC00000DD1I6YAL,File Integrity Manager for File Systems-RenewalMaintenance,FIM-FIM-RRM-FIMFSR,01tWC00000DD1I5YAL,File Integrity Manager for File Systems,FIM-FIM-NRPS-FIMFSP
01tWC00000DD1IKYA1,File Integrity Manager for Network Devices-RenewalMaintenance,FIM-FIM-RRM-FIMNDR,01tWC00000DD1IJYA1,File Integrity Manager for Network Devices,FIM-FIM-NRPS-FIMNDP
01tWC00000DD1IUYA1,File Integrity Manager for POS Servers-RenewalMaintenance,FIM-FIM-RRM-FIMPSR,01tWC00000DD1ITYA1,File Integrity Manager for POS Servers,FIM-FIM-NRPS-FIMPSP
01tWC00000DD1IYYA1,File Integrity Manager for Small Stores (up to 5 FIM-FS)-RenewalMaintenance,FIM-FIM-RRM-FIMSMS,01tWC00000DD1IXYA1,File Integrity Manager for Small Stores (up to 5 FIM-FS),FIM-FIM-NRPS-FIMSMA
01tWC00000DD1IfYAL,File Integrity Manager for VMware ESX-RenewalMaintenance,FIM-FIM-RRM-FIMVER,01tWC00000DD1IeYAL,File Integrity Manager for VMware ESX,FIM-FIM-NRPS-FIMVEP
01tWC00000FBZZJYA5,Policy Manager for POS Servers (Technical)-RenewalMaintenance,FIM-FIM-RRM-PMPSRM-TECH,01tWC00000DD1a6YAD,Policy Manager for POS Servers,FIM-FIM-NRPS-PMPSP
01tWC00000DD1I2YAL,File Integrity Manager for Directory Services-RenewalMaintenance,FIM-FIM-RRM-FIMDSR,01tWC00000DD1I1YAL,File Integrity Manager for Directory Services,FIM-FIM-NRPS-FIMDSP
01tWC00000DD1IAYA1,File Integrity Manager for Large Stores (up to 75 FIM-FS)-RenewalMaintenance,FIM-FIM-RRM-FIMLAS,01tWC00000DD1I9YAL,File Integrity Manager for Large Stores (up to 75 FIM-FS),FIM-FIM-NRPS-FIMLAR
01tWC00000DD1IGYA1,File Integrity Manager for Mid-Size Stores (up to 20 FS)-RenewalMaintenance,FIM-FIM-RRM-FIMMIS,01tWC00000DD1IFYA1,File Integrity Manager for Mid-Size Stores (up to 20 FS),FIM-FIM-NRPS-FIMMID
01tWC00000DD1IPYA1,File Integrity Manager for POS End Point Systems-RenewalMaintenance,FIM-FIM-RRM-FIMPOR,01tWC00000DD1IOYA1,File Integrity Manager for POS End Point Systems,FIM-FIM-NRPS-FIMPOE
01tWC00000DD1JfYAL,"FIM for Mid-Size Stores w/ND & DB (up to 20 FS, 20 ND & 1 DB)-RenewalMaintenance",FIM-FIM-RRM-FIMMRE,01tWC00000DD1JeYAL,"FIM for Mid-Size Stores w/ND & DB (up to 20 FS, 20 ND & 1 DB)",FIM-FIM-NRPS-FIMMPE
01tWC00000DD20bYAD,IP360 - EVAL-RenewalMaintenance,FIM-FIM-RRM-IERM,01tWC00000DCwWVYA1,IP360,FIM-FML-NRPS-IP36PE
01tWC00000DCwWaYAL,IP360 - Term Based-RenewalMaintenance,FIM-FIM-RRM-IP36FA,01tWC00000DCwWZYA1,IP360 - Term Based,FIM-FML-NRPS-IP36TE
01tWC00000DD1V7YAL,Policy Manager for Desktops-RenewalMaintenance,FIM-FIM-RRM-PMDRM,01tWC00000DD1V6YAL,Policy Manager for Desktops,FIM-FIM-NRPS-PMDP
01tWC00000DD1VCYA1,Policy Manager for File Systems-RenewalMaintenance,FIM-FIM-RRM-PMFSRM,01tWC00000DD1VBYA1,Policy Manager for File Systems,FIM-FIM-NRPS-PMFSP
01tWC00000FBZZ9YAP,Policy Manager for Network Devices (Technical)-RenewalMaintenance,FIM-FIM-RRM-PMNDRM-TECH,01tWC00000DD1ZwYAL,Policy Manager for Network Devices,FIM-FIM-NRPS-PMNDP
01tWC00000FBZZEYA5,Policy Manager for POS End Point Systems (Technical)-RenewalMaintenance,FIM-FIM-RRM-PMPM-TECH,01tWC00000DD1a1YAD,Policy Manager for POS End Point Systems,FIM-FIM-NRPS-PMPP
01tWC00000DD1aCYAT,Policy Manager for VMware ESX-RenewalMaintenance,FIM-FIM-RRM-PMVERM,01tWC00000DD1aBYAT,Policy Manager for VMware ESX,FIM-FIM-NRPS-PMVEP
01tWC00000DCxktYAD,TE Academic Institution Site License - File Systems-RenewalMaintenance,FIM-FIM-RRM-TEACI,01tWC00000DCxkrYAD,TE Academic Institution Site License - File Systems,FIM-FIM-NRPS-TEAI
01tWC00000DD1mfYAD,TE Academic Institution Site License - Database-RenewalMaintenance,FIM-FIM-RRM-TAIM,01tWC00000DD1meYAD,TE Academic Institution Site License - Database,FIM-FIM-NRPS-TEACAD
01tWC00000DD1miYAD,TE Academic Institution Site License - Desktop-RenewalMaintenance,FIM-FIM-RRM-TERM,01tWC00000DD1mhYAD,TE Academic Institution Site License - Desktop,FIM-FIM-NRPS-TAIP
01tWC00000DCxktYAD,TE Academic Institution Site License - File Systems-RenewalMaintenance,FIM-FIM-RRM-TEACI,01tWC00000DCxkoYAD,TE Academic Institution Site License - Directory Services,FIM-FIM-NRPS-TESP
01tWC00000DCxkwYAD,TE Academic Institution Site License - Network Device-RenewalMaintenance,FIM-FIM-RRM-TEACAI,01tWC00000DCxkvYAD,TE Academic Institution Site License - Network Device,FIM-FIM-NRPS-TEDP
01tWC00000DCxkzYAD,TE Academic Institution Site License - VMWare ESX-RenewalMaintenance,FIM-FIM-RRM-TACAIN,01tWC00000DCxkyYAD,TE Academic Institution Site License - VMWare ESX,FIM-FIM-NRPS-TEEP
01tWC00000DCxlbYAD,TFS for Workstations-RenewalMaintenance,FIM-FIM-RRM-TFSWRM,01tWC00000DCxlaYAD,TFS for Workstations,FIM-FML-NRPS-TFSWOR
01tWC00000DD1gNYAT,Tripwire App - Custom Workflow Integration for Nozomi - Utility-RenewalMaintenance,FIM-FIM-RRM-TACM,01tWC00000DD1gMYAT,Tripwire App - Custom Workflow Integration for Nozomi - Utility,FIM-FIM-NRPS-TRIPWI
01tWC00000DD1hDYAT,Tripwire App - Term Based Enterprise Utility License-RenewalMaintenance,FIM-FIM-RRM-TRATER,01tWC00000DD1hCYAT,Tripwire App - Term Based Enterprise Utility License,FIM-FIM-NRPS-TATP
01tWC00000DCyyDYAT,VnE Manager Ev-RenewalMaintenance,FIM-FIM-RRM-VEMERM,01tWC00000DCyyCYAT,VnE Manager Ev,FIM-FML-NRPS-VEMEVP
01tWC00000DCyyMYAT,VnE Manager Ev Limited-RenewalMaintenance,FIM-FIM-RRM-VEMELR,01tWC00000DCyyLYAT,VnE Manager Ev Limited,FIM-FIM-NRPS-VEMELP
01tWC00000DD1oMYAT,Tripwire Log Center - Term Based-RenewalMaintenance,FIM-TLC-RRM-TLCTBR,01tWC00000DD1oLYAT,Tripwire Log Center - Term Based,FIM-TLC-NRPS-TLCTBP
01tWC00000DD1tMYAT,Tripwire Log Center Remote Log Collector-RenewalMaintenance,FIM-TLC-RRM-TRLCER,01tWC00000DD1tLYAT,Tripwire Log Center Remote Log Collector,FIM-TLC-NRPS-TRLOCR
01tWC00000DD1ptYAD,Tripwire Log Center Manager-RenewalMaintenance,FIM-TLC-RRM-TLCMRM,01tWC00000DD1prYAD,Tripwire Log Center Manager,FIM-TLC-NRPS-TLCMP
01tWC00000DD1plYAD,Tripwire Log Center for VMware ESX (includes Remote Collector)-RenewalMaintenance,FIM-TLC-RRM-TRLCVE,01tWC00000DD1pkYAD,Tripwire Log Center for VMware ESX (includes Remote Collector),FIM-TLC-NRPS-TLOCVM
01tWC00000DD1pZYAT,Tripwire Log Center for POS Servers (includes Advanced Log Collector Agent)-RenewalMaintenance,FIM-TLC-RRM-TRLCPS,01tWC00000DD1pYYAT,Tripwire Log Center for POS Servers (includes Advanced Log Collector Agent),FIM-TLC-NRPS-TLOCPO
01tWC00000DD1pVYAT,Tripwire Log Center for POS End Point Systems (includes Advanced Log Collector Agent)-RenewalMaintenance,FIM-TLC-RRM-TRLCEP,01tWC00000DD1pUYAT,Tripwire Log Center for POS End Point Systems (includes Advanced Log Collector Agent),FIM-TLC-NRPS-TRLOCP
01tWC00000DD1pRYAT,Tripwire Log Center for Network Devices (includes Remote Collector)-RenewalMaintenance,FIM-TLC-RRM-TLOCNE,01tWC00000DD1pQYAT,Tripwire Log Center for Network Devices (includes Remote Collector),FIM-TLC-NRPS-TRLOCN
01tWC00000DD1pIYAT,Tripwire Log Center for Microsoft IIS (includes Advanced Log Collector Agent)-RenewalMaintenance,FIM-TLC-RRM-TRLCEM,01tWC00000DD1pHYAT,Tripwire Log Center for Microsoft IIS (includes Advanced Log Collector Agent),FIM-TLC-NRPS-TRLOCM
01tWC00000DD1p4YAD,Tripwire Log Center for Industrial Environments-RenewalMaintenance,FIM-TLC-RRM-TLCIER,01tWC00000DD1p3YAD,Tripwire Log Center for Industrial Environments,FIM-TLC-NRPS-TLCIEP
01tWC00000DD1p1YAD,Tripwire Log Center for File Systems-RenewalMaintenance,FIM-TLC-RRM-TLCFSR,01tWC00000DD1p0YAD,Tripwire Log Center for File Systems,FIM-TLC-NRPS-TLCFSP
01tWC00000DD1ooYAD,Tripwire Log Center for Directory Services (includes Advanced Log Collector Agent)-RenewalMaintenance,FIM-TLC-RRM-TRIPLC,01tWC00000DD1onYAD,Tripwire Log Center for Directory Services (includes Advanced Log Collector Agent),FIM-TLC-NRPS-TLOG
01tWC00000DD1ouYAD,VnE Manager Ev Express-RenewalMaintenance,FIM-FIM-RRM-VEMEER,01tWC00000DD1otYAD,VnE Manager Ev Express,FIM-FIM-NRPS-VEMEEP
01tWC00000DD1nAYAT,"Tripwire Enterprise for Mid-Size Stores w/ ND & DB (up to 20 FS, 20 ND & 1 DB)-RenewalMaintenance",FIM-FIM-RRM-TRIENM,01tWC00000DD1n9YAD,"Tripwire Enterprise for Mid-Size Stores w/ ND & DB (up to 20 FS, 20 ND & 1 DB)",FIM-FIM-NRPS-TRIPEM
01tWC00000DD1okYAD,Tripwire Log Center for Desktops (includes Advanced Log Collector Agent)-RenewalMaintenance,FIM-TLC-RRM-TRLOG,01tWC00000DD1ojYAD,Tripwire Log Center for Desktops (includes Advanced Log Collector Agent),FIM-TLC-NRPS-TRILOG
01tWC00000DD1oYYAT,Tripwire Log Center Console-RenewalMaintenance,FIM-TLC-RRM-TLCCRM,01tWC00000DD1oXYAT,Tripwire Log Center Console,FIM-TLC-NRPS-TLCCP
01tWC00000DD1taYAD,Tripwire State Analyzer-RenewalMaintenance,FIM-FIM-RRM-TSARM,01tWC00000DCxmOYAT,Tripwire - Term Based Enterprise License,FIM-FIM-NRPS-TTBELP
01tWC00000DD1n2YAD,Tripwire Enterprise for Microsoft IIS-RenewalMaintenance,FIM-FIM-RRM-TEMIRM,01tWC00000DD1n1YAD,Tripwire Enterprise for Microsoft IIS,FIM-FIM-NRPS-TEMIP
01tWC00000DD1tfYAD,Tripwire State Analyzer Express-RenewalMaintenance,FIM-FIM-RRM-TSAERM,01tWC00000DD1tdYAD,Tripwire State Analyzer Express,FIM-FIM-NRPS-TRST
01tWC00000DD1oTYAT,Tripwire Log Center Advanced Log Collector-RenewalMaintenance,FIM-TLC-RRM-TRLO,01tWC00000DD1oSYAT,Tripwire Log Center Advanced Log Collector,FIM-TLC-NRPS-TLCP
01tWC00000DD1tSYAT,Tripwire Manager-RenewalMaintenance,FIM-FIM-RRM-TMRM,01tWC00000DD1tRYAT,Tripwire Manager,FIM-FML-NRPS-TMP
01tWC00000DD1oIYAT,"Tripwire IP360 Non-transferable Unlimited Use (IP360, VnE-Ev, DP-Ev)-RenewalMaintenance",FIM-FML-RRM-TINM,01tWC00000DD1oHYAT,"Tripwire IP360 Non-transferable Unlimited Use (IP360, VnE-Ev, DP-Ev)",FIM-FML-NRPS-TINP
01tWC00000DD1o4YAD,Tripwire for Servers-RenewalMaintenance,FIM-FIM-RRM-TSRM,01tWC00000DD1o2YAD,Tripwire for Servers,FIM-FML-NRPS-TSP
01tWC00000DD1nuYAD,Tripwire for Directory Services-RenewalMaintenance,FIM-FIM-RRM-TDSRM,01tWC00000DD1ntYAD,Tripwire for Directory Services,FIM-FIM-NRPS-TDSP
01tWC00000DD1nqYAD,Tripwire for Databases-RenewalMaintenance,FIM-FIM-RRM-TDRM,01tWC00000DD1npYAD,Tripwire for Databases,FIM-FIM-NRPS-TDP
01tWC00000DD1DwYAL,EFT 8 Continuum-NewMaintenance,GS-GSE-RNM-EFT8,01tWC00000DD1DxYAL,EFT 8 Continuum,GS-GSE-NRPS-E8CP
01tWC00000DD1buYAD,Powertech Identity & Access Manager (BoKS)-RenewalMaintenance,PIA-PIA-RRM-PIAM,01tWC00000DD1btYAD,Powertech Identity & Access Manager (BoKS),PIA-PIA-NRPS-PIAP
01tWC00000DD1buYAD,Powertech Identity & Access Manager (BoKS)-RenewalMaintenance,PIA-PIA-RRM-PIAM,01tWC00000DD1btYAD,Powertech Identity & Access Manager (BoKS),PIA-PIA-NRPS-PIAP
01tWC00000IAluiYAD,ZZ_E2E_RCA_20260613 Test Product,ZZ_E2E_RCA_20260613,01tWC00000IAqPbYAL,ZZ_E2E_RCA_20260613 Source Product,ZZ_E2E_RCA_20260613-SRC
01tWC00000DD16FYAT,CCM Limited Management Server-RenewalMaintenance,FIM-FIM-RRM-CCMLIR,01tWC00000DD16EYAT,CCM Limited Management Server,FIM-FIM-NRPS-CCMLIM
01tWC00000DD15tYAD,CCM for Network Devices-RenewalMaintenance,FIM-FIM-RRM-CCMNDR,01tWC00000DD15sYAD,CCM for Network Devices,FIM-FML-NRPS-CCMNDP
01tWC00000DD16SYAT,CCM Scan Engine-RenewalMaintenance,FIM-FIM-RRM-CCMSCA,01tWC00000DD16RYAT,CCM Scan Engine,FIM-FIM-NRPS-CCMSEP
01tWC00000DD15yYAD,CCM for Servers-RenewalMaintenance,FIM-FIM-RRM-CCMSRM,01tWC00000DD15xYAD,CCM for Servers,FIM-FML-NRPS-CCMSER
01tWC00000DD168YAD,CCM for Workstations-RenewalMaintenance,FIM-FIM-RRM-CCMWRM,01tWC00000DD167YAD,CCM for Workstations,FIM-FIM-NRPS-CCMWOR
01tWC00000DD1BPYA1,Device Profiler Ev-RenewalMaintenance,FIM-FIM-RRM-DPEREN,01tWC00000DD1BOYA1,Device Profiler Ev,FIM-FIM-NRPS-DPEPER
01tWC00000DD1IDYA1,"File Integrity Manager for Large Stores w/ND & DB (up to 75 FS, 75 ND & 1 DB)-RenewalMaintenance",FIM-FIM-RRM-FIMLST,01tWC00000DD1ICYA1,"File Integrity Manager for Large Stores w/ND & DB (up to 75 FS, 75 ND & 1 DB)",FIM-FIM-NRPS-FIMLAD
01tWC00000DD1IbYAL,"File Integrity Manager for Small Stores w/ND & DB (up to 5 FS, 5 ND & 1 DB)-RenewalMaintenance",FIM-FIM-RRM-FIMSMR,01tWC00000DD1IaYAL,"File Integrity Manager for Small Stores w/ND & DB (up to 5 FS, 5 ND & 1 DB)",FIM-FIM-NRPS-FIMSMD
01tWC00000DD1pBYAT,Tripwire Log Center for Microsoft Exchange (includes Advanced Log Collector Agent)-RenewalMaintenance,FIM-TLC-RRM-TLOCEN,01tWC00000DD1pAYAT,Tripwire Log Center for Microsoft Exchange (includes Advanced Log Collector Agent),FIM-TLC-NRPS-TLOGCE
01tWC00000DD1odYAD,Tripwire Log Center for Databases (includes Remote Log Collector)-RenewalMaintenance,FIM-TLC-RRM-TRIPLO,01tWC00000DD1ocYAD,Tripwire Log Center for Databases (includes Remote Log Collector),FIM-TLC-NRPS-TRCP
01tWC00000DD1ovYAD,Tripwire Log Center for File Systems  (includes Advanced Log Collector Agent)-RenewalMaintenance,FIM-TLC-RRM-TRLOGC,01tWC00000DD1osYAD,Tripwire Log Center for File Systems  (includes Advanced Log Collector Agent),FIM-TLC-NRPS-TRILCE
01tWC00000DD16DYAT,CCM Limited Management Server-NewMaintenance,FIM-FIM-RNM-CCMLMS,01tWC00000DD16EYAT,CCM Limited Management Server,FIM-FIM-NRPS-CCMLIM
01tWC00000DD16LYAT,CCM Management Server-NewMaintenance,FIM-FIM-RNM-CCMMSN,01tWC00000DD16MYAT,CCM Management Server,FIM-FIM-NRPS-CCMMSP
01tWC00000DD15rYAD,CCM for Network Devices-NewMaintenance,FIM-FIM-RNM-CCMNDN,01tWC00000DD15sYAD,CCM for Network Devices,FIM-FML-NRPS-CCMNDP
01tWC00000DD16QYAT,CCM Scan Engine-NewMaintenance,FIM-FIM-RNM-CCMSEN,01tWC00000DD16RYAT,CCM Scan Engine,FIM-FIM-NRPS-CCMSEP
01tWC00000DD15wYAD,CCM for Servers-NewMaintenance,FIM-FIM-RNM-CCMSNM,01tWC00000DD15xYAD,CCM for Servers,FIM-FML-NRPS-CCMSER
01tWC00000DD166YAD,CCM for Workstations-NewMaintenance,FIM-FIM-RNM-CCMWNM,01tWC00000DD167YAD,CCM for Workstations,FIM-FIM-NRPS-CCMWOR
01tWC00000DD1BVYA1,Device Profiler Ev Limited-NewMaintenance,FIM-FIM-RNM-DPELNM,01tWC00000DD1BWYA1,Device Profiler Ev Limited,FIM-FIM-NRPS-DPELIM
01tWC00000DD1BNYA1,Device Profiler Ev-NewMaintenance,FIM-FIM-RNM-DPENEW,01tWC00000DD1BOYA1,Device Profiler Ev,FIM-FIM-NRPS-DPEPER
01tWC00000DD1IBYA1,"File Integrity Manager for Large Stores w/ND & DB (up to 75 FS, 75 ND & 1 DB)-NewMaintenance",FIM-FIM-RNM-FIMLSW,01tWC00000DD1ICYA1,"File Integrity Manager for Large Stores w/ND & DB (up to 75 FS, 75 ND & 1 DB)",FIM-FIM-NRPS-FIMLAD
01tWC00000DD1IZYA1,"File Integrity Manager for Small Stores w/ND & DB (up to 5 FS, 5 ND & 1 DB)-NewMaintenance",FIM-FIM-RNM-FIMSSW,01tWC00000DD1IaYAL,"File Integrity Manager for Small Stores w/ND & DB (up to 5 FS, 5 ND & 1 DB)",FIM-FIM-NRPS-FIMSMD
01tWC00000DD1p6YAD,Tripwire Log Center for Microsoft Exchange (includes Advanced Log Collector Agent)-NewMaintenance,FIM-TLC-RNM-TLCMEI,01tWC00000DD1pAYAT,Tripwire Log Center for Microsoft Exchange (includes Advanced Log Collector Agent),FIM-TLC-NRPS-TLOGCE
01tWC00000DCwWUYA1,IP360-NewMaintenance,FIM-FIM-RNM-IP36NE,01tWC00000DCwWVYA1,IP360,FIM-FML-NRPS-IP36PE
01tWC00000DD1oqYAD,Tripwire Log Center for File Systems  (includes Advanced Log Collector Agent)-NewMaintenance,FIM-TLC-RNM-TLCFSI,01tWC00000DD1osYAD,Tripwire Log Center for File Systems  (includes Advanced Log Collector Agent),FIM-TLC-NRPS-TRILCE
01tWC00000DD1obYAD,Tripwire Log Center for Databases (includes Remote Log Collector)-NewMaintenance,FIM-TLC-RNM-TRIPWL,01tWC00000DD1ocYAD,Tripwire Log Center for Databases (includes Remote Log Collector),FIM-TLC-NRPS-TRCP
