bucket,ProductCode,Fortra_Product_Type,new_default_SM,flip,nowdefault_priced_ccy,nowdefault_USD_priced,demoted_derived_seed,Product2Id,ProductName
A_SAFE,BP-ETM-RMS-ADDITH,Subscription,TermDefined,OneTime->TermDefined,10,True,False,01tWC00000DD11SYAT,Additional Threat Assessments
A_SAFE,DP-DC-RSP-DCS,Services,OneTime,TermDefined->OneTime,10,True,False,01tWC00000DD19fYAD,Data Classification Services
A_SAFE,DP-DLP-NRST-PSHPOP,Services,OneTime,TermDefined->OneTime,10,True,False,01tWC00000DD1zhYAD,Professional Services Hourly (Post Paid)
A_SAFE,DP-DLP-RMS-DNAS,Subscription,TermDefined,OneTime->TermDefined,10,True,False,01tWC00000DD1BmYAL,DG NDLP Appliance
A_SAFE,ES-SEG-RSP-ESRS,Services,OneTime,TermDefined->OneTime,10,True,False,01tWC00000DD1GwYAL,Email Security Recurring Services
A_SAFE,FIM-FIM-RSP-TECHNI,Services,TermDefined,OneTime->TermDefined,10,True,False,01tWC00000DCxlRYAT,Technical Account Manager
A_SAFE,NW-INT-NRPS-ISP,Perpetual,OneTime,TermDefined->OneTime,10,True,False,01tWC00000DCwWCYA1,Intermapper Server
A_SAFE,SM-MQM-NRPS-MQMPER,Perpetual,OneTime,TermDefined->OneTime,10,True,False,01tWC00000DD1RcYAL,MQ Manager
A_SAFE,SM-SYM-NRST-PXS,Services,OneTime,TermDefined->OneTime,10,True,False,01tWC00000DD1cXYAT,PowertechX Services
A_SAFE,VM-DDL-NRST-FPTEOS,Services,OneTime,TermDefined->OneTime,10,True,False,01tWC00000DD1LOYA1,Frontline Pen Test - External-Only
B_USD_RISK,GS-GSE-RRM-AAMRM,Renewal Maintenance,TermDefined,OneTime->TermDefined,9,False,True,01tWC00000DD21JYAT,Advanced Authentication Modes-RenewalMaintenance
B_USD_RISK,GS-GSE-RRM-AWERM,Renewal Maintenance,TermDefined,OneTime->TermDefined,9,False,True,01tWC00000DD22PYAT,Advanced Workflow Engine-RenewalMaintenance
B_USD_RISK,GS-GSE-RRM-DGE3MSRM,Renewal Maintenance,TermDefined,OneTime->TermDefined,9,False,True,01tWC00000DD22VYAT,DMZ Gateway Enterprise 3 - Multi-Site-RenewalMaintenance
B_USD_RISK,GS-GSE-RRM-DGE3MURM,Renewal Maintenance,TermDefined,OneTime->TermDefined,9,False,True,01tWC00000DD22XYAT,DMZ Gateway Enterprise 3 - Multi-Site Upgrade-RenewalMaintenance
B_USD_RISK,GS-GSE-RRM-EARMRM,Renewal Maintenance,TermDefined,OneTime->TermDefined,9,False,True,01tWC00000DD22ZYAT,EFT Auditing & Reporting Module (ARM)-RenewalMaintenance
B_USD_RISK,GS-GSE-RRM-EEMTCRM,Renewal Maintenance,TermDefined,OneTime->TermDefined,9,False,True,01tWC00000DD1yGYAT,EFT Express Mobile Transfer Client-RenewalMaintenance
B_USD_RISK,GS-GSE-RRM-EFT7EXRM,Renewal Maintenance,TermDefined,OneTime->TermDefined,9,False,True,01tWC00000DD21RYAT,EFT 7 Express-RenewalMaintenance
B_USD_RISK,GS-GSE-RRM-EFT8ERM,Renewal Maintenance,TermDefined,OneTime->TermDefined,9,False,True,01tWC00000DD21WYAT,EFT 8 Enterprise-RenewalMaintenance
B_USD_RISK,GS-GSE-RRM-EFT8EXRM,Renewal Maintenance,TermDefined,OneTime->TermDefined,9,False,True,01tWC00000DD21UYAT,EFT 8 Express-RenewalMaintenance
C_DERIVED_ORPHAN,BI-ISA-RRM-IACRM,Renewal Maintenance,TermDefined,OneTime->TermDefined,0,False,True,01tWC00000DCzhUYAT,Insite Analytics - Core-RenewalMaintenance
C_DERIVED_ORPHAN,BI-ISA-RRM-IAPRMRM,Renewal Maintenance,TermDefined,OneTime->TermDefined,0,False,True,01tWC00000DCzhWYAT,Insite Analytics - Premium-RenewalMaintenance
C_DERIVED_ORPHAN,BI-ISA-RRM-IAPROM,Renewal Maintenance,TermDefined,OneTime->TermDefined,0,False,True,01tWC00000DCzhYYAT,Insite Analytics - Pro-RenewalMaintenance
C_DERIVED_ORPHAN,BI-ISA-RRM-IASPRM,Renewal Maintenance,TermDefined,OneTime->TermDefined,0,False,True,01tWC00000DCzhaYAD,Insite Analytics - Starter Package-RenewalMaintenance
C_DERIVED_ORPHAN,BI-SDW-RRM-SDWBBERM,Renewal Maintenance,TermDefined,OneTime->TermDefined,0,False,True,01tWC00000DD22yYAD,SEQUEL Data Warehouse Bundle - Bronze Edition-RenewalMaintenance
C_DERIVED_ORPHAN,BI-SDW-RRM-SDWBGERM,Renewal Maintenance,TermDefined,OneTime->TermDefined,0,False,True,01tWC00000DD230YAD,SEQUEL Data Warehouse Bundle - Gold Edition-RenewalMaintenance
C_DERIVED_ORPHAN,BI-SDW-RRM-SDWBPERM,Renewal Maintenance,TermDefined,OneTime->TermDefined,0,False,True,01tWC00000DD232YAD,SEQUEL Data Warehouse Bundle - Platinum Edition-RenewalMaintenance
C_DERIVED_ORPHAN,BI-SDW-RRM-SDWBSERM,Renewal Maintenance,TermDefined,OneTime->TermDefined,0,False,True,01tWC00000DD234YAD,SEQUEL Data Warehouse Bundle - Silver Edition-RenewalMaintenance
C_DERIVED_ORPHAN,BI-SDW-RRM-SDWSBERM,Renewal Maintenance,TermDefined,OneTime->TermDefined,0,False,True,01tWC00000DCzhgYAD,Sequel Data Warehouse (RODIN) Select License - Bronze Edition-RenewalMaintenance
C_DERIVED_ORPHAN,BI-SDW-RRM-SDWSGERM,Renewal Maintenance,TermDefined,OneTime->TermDefined,0,False,True,01tWC00000DCzhiYAD,Sequel Data Warehouse (RODIN) Select License - Gold Edition-RenewalMaintenance
C_DERIVED_ORPHAN,BI-SDW-RRM-SDWSPERM,Renewal Maintenance,TermDefined,OneTime->TermDefined,0,False,True,01tWC00000DCzhkYAD,Sequel Data Warehouse (RODIN) Select License - Platinum Edition-RenewalMaintenance
C_DERIVED_ORPHAN,BI-SDW-RRM-SDWSSERM,Renewal Maintenance,TermDefined,OneTime->TermDefined,0,False,True,01tWC00000DD22wYAD,Sequel Data Warehouse (RODIN) Select License - Silver Edition-RenewalMaintenance
C_DERIVED_ORPHAN,BI-SQ-RRM-SSBPRM,Renewal Maintenance,TermDefined,OneTime->TermDefined,0,False,True,01tWC00000DCzhcYAD,SEQUEL SMB Bundle - Primary-RenewalMaintenance
C_DERIVED_ORPHAN,BI-SQ-RRM-SSBSRM,Renewal Maintenance,TermDefined,OneTime->TermDefined,0,False,True,01tWC00000DCzheYAD,SEQUEL SMB Bundle - Secondary-RenewalMaintenance
C_DERIVED_ORPHAN,CM-VCM-RRM-VSPRM,Renewal Maintenance,TermDefined,OneTime->TermDefined,0,False,True,01tWC00000DD23GYAT,VCM Starter Pack-RenewalMaintenance
C_DERIVED_ORPHAN,DP-DC-RRM-CDMEBRM,Renewal Maintenance,TermDefined,OneTime->TermDefined,0,False,True,01tWC00000DD20NYAT,Classification for Desktop & Message Classification Enterprise & Classification for Office Enterprise Bundle-RenewalMaintenance
C_DERIVED_ORPHAN,DP-DC-RRM-COUMCBRM,Renewal Maintenance,TermDefined,OneTime->TermDefined,0,False,True,01tWC00000DD20OYAT,Classification for Office Ultra & Message Classification Bundle-RenewalMaintenance
C_DERIVED_ORPHAN,DP-DC-RRM-DCDARGRM,Renewal Maintenance,TermDefined,OneTime->TermDefined,0,False,True,01tWC00000DD20wYAD,Fortra DCS for DaR (Data at rest) with DCS INTELLIGENT PROTECTION - Government-RenewalMaintenance
C_DERIVED_ORPHAN,DP-DC-RRM-FDAUPGRM,Renewal Maintenance,TermDefined,OneTime->TermDefined,0,False,True,01tWC00000DD20QYAT,"Fortra DCS ""Advance"" ULTRA Package - Government-RenewalMaintenance"
C_DERIVED_ORPHAN,DP-DC-RRM-FDPUPGRM,Renewal Maintenance,TermDefined,OneTime->TermDefined,0,False,True,01tWC00000DD20SYAT,"Fortra DCS ""Plus"" ULTRA Package - Government-RenewalMaintenance"
C_DERIVED_ORPHAN,DP-DC-RRM-MCCDBERM,Renewal Maintenance,TermDefined,OneTime->TermDefined,0,False,True,01tWC00000DD20UYAT,Message Classification & Classification for Office & Classification for Desktop Bundle - Enterprise-RenewalMaintenance
C_DERIVED_ORPHAN,DP-DC-RRM-MCCDBSRM,Renewal Maintenance,TermDefined,OneTime->TermDefined,0,False,True,01tWC00000DD20WYAT,Message Classification & Classification for Office & Classification for Desktop Bundle - Standard-RenewalMaintenance
C_DERIVED_ORPHAN,DP-DC-RRM-TCSIICRM,Renewal Maintenance,TermDefined,OneTime->TermDefined,0,False,True,01tWC00000DD20yYAD,"Titus Classification Suite, Illuminate and Ionic Connector-RenewalMaintenance"
C_DERIVED_ORPHAN,FIM-FIM-RNM-TACWIN,New Maintenance,TermDefined,OneTime->TermDefined,0,False,True,01tWC00000DD1gLYAT,Tripwire App - Custom Workflow Integration for Nozomi - Utility-NewMaintenance
C_DERIVED_ORPHAN,FIM-FIM-RRM-CCMEVRM,Renewal Maintenance,TermDefined,OneTime->TermDefined,0,False,True,01tWC00000DD210YAD,CCM - EVAL-RenewalMaintenance
C_DERIVED_ORPHAN,FIM-FIM-RRM-CSEERM,Renewal Maintenance,TermDefined,OneTime->TermDefined,0,False,True,01tWC00000DD221YAD,CCM - Scan Engine - EVAL-RenewalMaintenance
C_DERIVED_ORPHAN,FIM-FIM-RRM-DEERM,Renewal Maintenance,TermDefined,OneTime->TermDefined,0,False,True,01tWC00000DD20ZYAT,DP Ev - EVAL-RenewalMaintenance
C_DERIVED_ORPHAN,FIM-FIM-RRM-FERM,Renewal Maintenance,TermDefined,OneTime->TermDefined,0,False,True,01tWC00000DD212YAD,FORTRAVM - EVAL-RenewalMaintenance
C_DERIVED_ORPHAN,FIM-FIM-RRM-IERM,Renewal Maintenance,TermDefined,OneTime->TermDefined,0,False,True,01tWC00000DD20bYAD,IP360 - EVAL-RenewalMaintenance
C_DERIVED_ORPHAN,FIM-FIM-RRM-TECMBERM,Renewal Maintenance,TermDefined,OneTime->TermDefined,0,False,True,01tWC00000DD20dYAD,Tripwire Enterprise Console - MySQL Backend - EVAL-RenewalMaintenance
C_DERIVED_ORPHAN,FIM-FIM-RRM-TEDERM,Renewal Maintenance,TermDefined,OneTime->TermDefined,0,False,True,01tWC00000DD20jYAD,Tripwire Enterprise for Desktops - EVAL-RenewalMaintenance
C_DERIVED_ORPHAN,FIM-FIM-RRM-TEDEVRM,Renewal Maintenance,TermDefined,OneTime->TermDefined,0,False,True,01tWC00000DD20fYAD,Tripwire Enterprise for Databases - EVAL-RenewalMaintenance
C_DERIVED_ORPHAN,FIM-FIM-RRM-TEDSERM,Renewal Maintenance,TermDefined,OneTime->TermDefined,0,False,True,01tWC00000DD20hYAD,Tripwire Enterprise for Directory Services - EVAL-RenewalMaintenance
C_DERIVED_ORPHAN,FIM-FIM-RRM-TEFSERM,Renewal Maintenance,TermDefined,OneTime->TermDefined,0,False,True,01tWC00000DD224YAD,Tripwire Enterprise for File Systems - EVAL-RenewalMaintenance
C_DERIVED_ORPHAN,FIM-FIM-RRM-TENDERM,Renewal Maintenance,TermDefined,OneTime->TermDefined,0,False,True,01tWC00000DD20mYAD,Tripwire Enterprise for Network Devices - EVAL-RenewalMaintenance
C_DERIVED_ORPHAN,FIM-FIM-RRM-TETRM,Renewal Maintenance,TermDefined,OneTime->TermDefined,0,False,True,01tWC00000DD20oYAD,Tripwire Enterprise for TIV-RenewalMaintenance
C_DERIVED_ORPHAN,FIM-FIM-RRM-TEVEERM,Renewal Maintenance,TermDefined,OneTime->TermDefined,0,False,True,01tWC00000DD226YAD,Tripwire Enterprise for VMware ESX - EVAL-RenewalMaintenance
C_DERIVED_ORPHAN,FIM-FIM-RRM-TIVSSRM,Renewal Maintenance,TermDefined,OneTime->TermDefined,0,False,True,01tWC00000DD22AYAT,Tripwire Industrial Visibility Small Sensor-RenewalMaintenance
C_DERIVED_ORPHAN,FIM-FIM-RRM-TMERM,Renewal Maintenance,TermDefined,OneTime->TermDefined,0,False,True,01tWC00000DD217YAD,Tripwire Manager - EVAL-RenewalMaintenance
C_DERIVED_ORPHAN,FIM-FIM-RRM-TSAEVRM,Renewal Maintenance,TermDefined,OneTime->TermDefined,0,False,True,01tWC00000DD22EYAT,Tripwire State Analyzer - EVAL-RenewalMaintenance
C_DERIVED_ORPHAN,FIM-FIM-RRM-TSERM,Renewal Maintenance,TermDefined,OneTime->TermDefined,0,False,True,01tWC00000DD228YAD,Tripwire for Servers - EVAL-RenewalMaintenance
C_DERIVED_ORPHAN,FIM-FIM-RRM-TTBELRM,Renewal Maintenance,TermDefined,OneTime->TermDefined,0,False,True,01tWC00000DD222YAD,Tripwire - Term Based Enterprise License-RenewalMaintenance
C_DERIVED_ORPHAN,FIM-FML-RRM-TSSLRM,Renewal Maintenance,TermDefined,OneTime->TermDefined,0,False,True,01tWC00000DD219YAD,Tripwire for Server-SUL-Lic-RenewalMaintenance
C_DERIVED_ORPHAN,FIM-FML-RRM-VMERM,Renewal Maintenance,TermDefined,OneTime->TermDefined,0,False,True,01tWC00000DD22GYAT,VnE Manager - EVAL-RenewalMaintenance
C_DERIVED_ORPHAN,FIM-TLC-RRM-TLCDERM,Renewal Maintenance,TermDefined,OneTime->TermDefined,0,False,True,01tWC00000DD21FYAT,Tripwire Log Center for Desktops - EVAL-RenewalMaintenance
C_DERIVED_ORPHAN,FIM-TLC-RRM-TLCERM,Renewal Maintenance,TermDefined,OneTime->TermDefined,0,False,True,01tWC00000DD21DYAT,Tripwire Log Center - EVAL-RenewalMaintenance
C_DERIVED_ORPHAN,FIM-TLC-RRM-TLCFSERM,Renewal Maintenance,TermDefined,OneTime->TermDefined,0,False,True,01tWC00000DD21HYAT,Tripwire Log Center for File Systems - EVAL-RenewalMaintenance
C_DERIVED_ORPHAN,FIM-TLC-RRM-TLCMLERM,Renewal Maintenance,TermDefined,OneTime->TermDefined,0,False,True,01tWC00000DD22OYAT,Tripwire Log Center Manager License - EVAL-RenewalMaintenance
C_DERIVED_ORPHAN,FIM-TLC-RRM-TLCNDERM,Renewal Maintenance,TermDefined,OneTime->TermDefined,0,False,True,01tWC00000DD22KYAT,Tripwire Log Center for Network Devices - EVAL-RenewalMaintenance
C_DERIVED_ORPHAN,FIM-TLC-RRM-TLCSDERM,Renewal Maintenance,TermDefined,OneTime->TermDefined,0,False,True,01tWC00000DD22MYAT,Tripwire Log Center for Security Devices - EVAL-RenewalMaintenance
C_DERIVED_ORPHAN,GOA-GAM-RRM-GCBGRM,Renewal Maintenance,TermDefined,OneTime->TermDefined,0,False,True,01tWC00000DD22uYAD,GoAnywhere Collaboration Bundle with Gateway-RenewalMaintenance
C_DERIVED_ORPHAN,GOA-GAM-RRM-GCBGTPRM,Renewal Maintenance,TermDefined,OneTime->TermDefined,0,False,True,01tWC00000DD21rYAD,GoAnywhere Collaboration Bundle with Gateway and Threat Protection-RenewalMaintenance
C_DERIVED_ORPHAN,GOA-GAM-RRM-GCSBTPRM,Renewal Maintenance,TermDefined,OneTime->TermDefined,0,False,True,01tWC00000DD21vYAD,GoAnywhere Core Server Bundle with Gateway and Threat Protection-RenewalMaintenance
C_DERIVED_ORPHAN,GOA-GAM-RRM-GCSBWGRM,Renewal Maintenance,TermDefined,OneTime->TermDefined,0,False,True,01tWC00000DD21tYAD,GoAnywhere Core Server Bundle with Gateway-RenewalMaintenance
C_DERIVED_ORPHAN,GOA-GAM-RRM-GPBCRM,Renewal Maintenance,TermDefined,OneTime->TermDefined,0,False,True,01tWC00000DCzhMYAT,GoAnywhere Premium Bundle - Clustered-RenewalMaintenance
C_DERIVED_ORPHAN,GOA-GAM-RRM-GPBTPRM,Renewal Maintenance,TermDefined,OneTime->TermDefined,0,False,True,01tWC00000DCzhOYAT,GoAnywhere Premium Bundle with Threat Protection-RenewalMaintenance
C_DERIVED_ORPHAN,GOA-GAM-RRM-GPEBWGRM,Renewal Maintenance,TermDefined,OneTime->TermDefined,0,False,True,01tWC00000DD21xYAD,GoAnywhere PeSIT Express Bundle with Gateway-RenewalMaintenance
C_DERIVED_ORPHAN,GOA-GAM-RRM-GPSBWGRM,Renewal Maintenance,TermDefined,OneTime->TermDefined,0,False,True,01tWC00000DD21zYAD,GoAnywhere PeSIT Starter Bundle with Gateway-RenewalMaintenance
C_DERIVED_ORPHAN,GOA-GAM-RRM-GSBGRM,Renewal Maintenance,TermDefined,OneTime->TermDefined,0,False,True,01tWC00000DCzhQYAT,GoAnywhere Starter Bundle with Gateway-RenewalMaintenance
C_DERIVED_ORPHAN,GOA-GAM-RRM-GSBGTPRM,Renewal Maintenance,TermDefined,OneTime->TermDefined,0,False,True,01tWC00000DCzhSYAT,GoAnywhere Starter Bundle with Gateway and Threat Protection-RenewalMaintenance
C_DERIVED_ORPHAN,GS-GSE-RNM-ACSYNM,New Maintenance,TermDefined,OneTime->TermDefined,0,False,True,01tWC00000DD13OYAT,AS2 Client/Server - Yearly-NewMaintenance
C_DERIVED_ORPHAN,GS-GSE-RNM-ECBM,New Maintenance,TermDefined,OneTime->TermDefined,0,False,True,01tWC00000DD1EeYAL,EFT Continuum Business Activity Monitor (BAM)-NewMaintenance
C_DERIVED_ORPHAN,GS-GSE-RRM-AS2CRM,Renewal Maintenance,TermDefined,OneTime->TermDefined,0,False,True,01tWC00000DD22QYAT,AS2 Client/Server-RenewalMaintenance
C_DERIVED_ORPHAN,GS-GSE-RRM-AUDREPRM,Renewal Maintenance,TermDefined,OneTime->TermDefined,0,False,True,01tWC00000DD21KYAT,Audit & Reporting-RenewalMaintenance
C_DERIVED_ORPHAN,GS-GSE-RRM-CCARM,Renewal Maintenance,TermDefined,OneTime->TermDefined,0,False,True,01tWC00000DD21LYAT,Cloud Connector Actions-RenewalMaintenance
C_DERIVED_ORPHAN,GS-GSE-RRM-COLBRM,Renewal Maintenance,TermDefined,OneTime->TermDefined,0,False,True,01tWC00000DD22SYAT,Collaboration Bundle-RenewalMaintenance
C_DERIVED_ORPHAN,GS-GSE-RRM-CSBRM,Renewal Maintenance,TermDefined,OneTime->TermDefined,0,False,True,01tWC00000DD22TYAT,Core Server Bundle-RenewalMaintenance
C_DERIVED_ORPHAN,GS-GSE-RRM-DG3SSRM,Renewal Maintenance,TermDefined,OneTime->TermDefined,0,False,True,01tWC00000DD21MYAT,DMZ Gateway 3 - Single Site-RenewalMaintenance
C_DERIVED_ORPHAN,GS-GSE-RRM-E7EURM,Renewal Maintenance,TermDefined,OneTime->TermDefined,0,False,True,01tWC00000DD21TYAT,EFT 7 Express Upgrade-RenewalMaintenance
C_DERIVED_ORPHAN,GS-GSE-RRM-EAWEMRM,Renewal Maintenance,TermDefined,OneTime->TermDefined,0,False,True,01tWC00000DD21XYAT,EFT Advanced Workflow Engine (AWE) Module-RenewalMaintenance
C_DERIVED_ORPHAN,GS-GSE-RRM-EBAMRM,Renewal Maintenance,TermDefined,OneTime->TermDefined,0,False,True,01tWC00000DD21ZYAT,EFT Business Activity Monitor (BAM)-RenewalMaintenance
C_DERIVED_ORPHAN,GS-GSE-RRM-ECBAMRM,Renewal Maintenance,TermDefined,OneTime->TermDefined,0,False,True,01tWC00000DD21aYAD,EFT Continuum Business Activity Monitor (BAM)-RenewalMaintenance
C_DERIVED_ORPHAN,GS-GSE-RRM-ECBPRM,Renewal Maintenance,TermDefined,OneTime->TermDefined,0,False,True,01tWC00000DD22aYAD,EFT Continuum BAM Portal-RenewalMaintenance
C_DERIVED_ORPHAN,GS-GSE-RRM-EEARMARM,Renewal Maintenance,TermDefined,OneTime->TermDefined,0,False,True,01tWC00000DD22bYAD,EFT Express Auditing & Reporting Module ARM-RenewalMaintenance
C_DERIVED_ORPHAN,GS-GSE-RRM-EESMERM,Renewal Maintenance,TermDefined,OneTime->TermDefined,0,False,True,01tWC00000DD22cYAD,EFT Express Security Module ESM-RenewalMaintenance
C_DERIVED_ORPHAN,GS-GSE-RRM-EFMMFRM,Renewal Maintenance,TermDefined,OneTime->TermDefined,0,False,True,01tWC00000DD21eYAD,EFT Folder Monitor Module FMM-RenewalMaintenance
C_DERIVED_ORPHAN,GS-GSE-RRM-EFT7ERM,Renewal Maintenance,TermDefined,OneTime->TermDefined,0,False,True,01tWC00000DD21PYAT,EFT 7 Enterprise-RenewalMaintenance
C_DERIVED_ORPHAN,GS-GSE-RRM-EFT8CRM,Renewal Maintenance,TermDefined,OneTime->TermDefined,0,False,True,01tWC00000DD21VYAT,EFT 8 Continuum-RenewalMaintenance
C_DERIVED_ORPHAN,GS-GSE-RRM-EFTCMFRM,Renewal Maintenance,TermDefined,OneTime->TermDefined,0,False,True,01tWC00000DD21cYAD,EFT File Transfer Client Module FTC-RenewalMaintenance
C_DERIVED_ORPHAN,GS-GSE-RRM-ENTACRM,Renewal Maintenance,TermDefined,OneTime->TermDefined,0,False,True,01tWC00000DD22eYAD,Enterprise Actions-RenewalMaintenance
C_DERIVED_ORPHAN,GS-GSE-RRM-ERAM(RM,Renewal Maintenance,TermDefined,OneTime->TermDefined,0,False,True,01tWC00000DD21gYAD,EFT Remote Agent Module (RAM)-RenewalMaintenance
C_DERIVED_ORPHAN,GS-GSE-RRM-ESMAM(RM,Renewal Maintenance,TermDefined,OneTime->TermDefined,0,False,True,01tWC00000DD21iYAD,EFT Secure Mobile Access Module (SMAM)-RenewalMaintenance
C_DERIVED_ORPHAN,GS-GSE-RRM-ESSMRM,Renewal Maintenance,TermDefined,OneTime->TermDefined,0,False,True,01tWC00000DD22dYAD,EFT SFTP SSH2 Module-RenewalMaintenance
C_DERIVED_ORPHAN,GS-GSE-RRM-ESW10SRM,Renewal Maintenance,TermDefined,OneTime->TermDefined,0,False,True,01tWC00000DD21lYAD,EFT SMB Web Client WTC 10 Seats-RenewalMaintenance
C_DERIVED_ORPHAN,GS-GSE-RRM-ESW50SRM,Renewal Maintenance,TermDefined,OneTime->TermDefined,0,False,True,01tWC00000DD21nYAD,EFT SMB Web Client WTC 50 Seats-RenewalMaintenance
C_DERIVED_ORPHAN,GS-GSE-RRM-ETEMTRM,Renewal Maintenance,TermDefined,OneTime->TermDefined,0,False,True,01tWC00000DD21jYAD,EFT Timer Event Module TEM-RenewalMaintenance
C_DERIVED_ORPHAN,GS-GSE-RRM-FMRM,Renewal Maintenance,TermDefined,OneTime->TermDefined,0,False,True,01tWC00000DD22fYAD,Folder Monitor-RenewalMaintenance
C_DERIVED_ORPHAN,GS-GSE-RRM-FSRM,Renewal Maintenance,TermDefined,OneTime->TermDefined,0,False,True,01tWC00000DD21oYAD,FTPS Server-RenewalMaintenance
C_DERIVED_ORPHAN,GS-GSE-RRM-HS(WCRM,Renewal Maintenance,TermDefined,OneTime->TermDefined,0,False,True,01tWC00000DD22gYAD,HTTPS Server (includes Web client)-RenewalMaintenance
C_DERIVED_ORPHAN,GS-GSE-RRM-MSGRM,Renewal Maintenance,TermDefined,OneTime->TermDefined,0,False,True,01tWC00000DD22hYAD,Multi-site Gateway-RenewalMaintenance
C_DERIVED_ORPHAN,GS-GSE-RRM-PBRM,Renewal Maintenance,TermDefined,OneTime->TermDefined,0,False,True,01tWC00000DD22jYAD,Premium Bundle-RenewalMaintenance
C_DERIVED_ORPHAN,GS-GSE-RRM-PGPARM,Renewal Maintenance,TermDefined,OneTime->TermDefined,0,False,True,01tWC00000DD22iYAD,PGP Actions-RenewalMaintenance
C_DERIVED_ORPHAN,GS-GSE-RRM-RAARM,Renewal Maintenance,TermDefined,OneTime->TermDefined,0,False,True,01tWC00000DD22mYAD,Remote Automation Agent-RenewalMaintenance
C_DERIVED_ORPHAN,GS-GSE-RRM-REGCOMRM,Renewal Maintenance,TermDefined,OneTime->TermDefined,0,False,True,01tWC00000DD22lYAD,Regulatory Compliance-RenewalMaintenance
C_DERIVED_ORPHAN,GS-GSE-RRM-SBRM,Renewal Maintenance,TermDefined,OneTime->TermDefined,0,False,True,01tWC00000DD22sYAD,Starter Bundle-RenewalMaintenance
C_DERIVED_ORPHAN,GS-GSE-RRM-SCHEDRM,Renewal Maintenance,TermDefined,OneTime->TermDefined,0,False,True,01tWC00000DD22nYAD,Scheduler-RenewalMaintenance
C_DERIVED_ORPHAN,GS-GSE-RRM-SECFRM,Renewal Maintenance,TermDefined,OneTime->TermDefined,0,False,True,01tWC00000DD22oYAD,Secure Forms-RenewalMaintenance
C_DERIVED_ORPHAN,GS-GSE-RRM-SSBRM,Renewal Maintenance,TermDefined,OneTime->TermDefined,0,False,True,01tWC00000DD22qYAD,SFTP Server Bundle-RenewalMaintenance
C_DERIVED_ORPHAN,GS-GSE-RRM-SSGRM,Renewal Maintenance,TermDefined,OneTime->TermDefined,0,False,True,01tWC00000DD22rYAD,Single-site Gateway-RenewalMaintenance
C_DERIVED_ORPHAN,GS-GSE-RRM-SSRM,Renewal Maintenance,TermDefined,OneTime->TermDefined,0,False,True,01tWC00000DD22pYAD,SFTP Server-RenewalMaintenance
C_DERIVED_ORPHAN,GS-GSE-RRM-TARM,Renewal Maintenance,TermDefined,OneTime->TermDefined,0,False,True,01tWC00000DD21pYAD,Transfer Actions-RenewalMaintenance
C_DERIVED_ORPHAN,SM-PN-RRM-VCPPRM,Renewal Maintenance,TermDefined,OneTime->TermDefined,0,False,True,01tWC00000DD236YAD,VISUAL Control Performance Planner-RenewalMaintenance
C_DERIVED_ORPHAN,SM-ROB-RRM-RBCANRM,Renewal Maintenance,TermDefined,OneTime->TermDefined,0,False,True,01tWC00000DD238YAD,"Robot Bundle - Console, Alert, Network-RenewalMaintenance"
C_DERIVED_ORPHAN,SM-ROB-RRM-RBCARM,Renewal Maintenance,TermDefined,OneTime->TermDefined,0,False,True,01tWC00000DD20uYAD,Robot Bundle - Console & Alert-RenewalMaintenance
C_DERIVED_ORPHAN,SM-ROB-RRM-RBSANRM,Renewal Maintenance,TermDefined,OneTime->TermDefined,0,False,True,01tWC00000DD23CYAT,"Robot Bundle - Schedule, Alert, Network-RenewalMaintenance"
C_DERIVED_ORPHAN,SM-ROB-RRM-RBSARM,Renewal Maintenance,TermDefined,OneTime->TermDefined,0,False,True,01tWC00000DD23AYAT,Robot Bundle - Schedule & Alert-RenewalMaintenance
C_DERIVED_ORPHAN,SM-ROB-RRM-RBSARRM,Renewal Maintenance,TermDefined,OneTime->TermDefined,0,False,True,01tWC00000DD20sYAD,"Robot Bundle - Schedule, Alert, Replay-RenewalMaintenance"
C_DERIVED_ORPHAN,SM-VMC-RRM-VOARM,Renewal Maintenance,TermDefined,OneTime->TermDefined,0,False,True,01tWC00000DD23EYAT,VMC - Operations Agent-RenewalMaintenance
C_DERIVED_ORPHAN,SM-VMC-RRM-VSARM,Renewal Maintenance,TermDefined,OneTime->TermDefined,0,False,True,01tWC00000DD20qYAD,VMC - Security Agent-RenewalMaintenance
D_NO_PRICE,ES-DMP-NRST-ONBOAR,Services,OneTime,TermDefined->OneTime,0,False,False,01tWC00000DD1TjYAL,Onboarding
D_NO_PRICE,FIM-FIM-RSP-TWTAS4,Services,TermDefined,OneTime->TermDefined,0,False,False,01tWC00000DD1ttYAD,TW Advisory Services 4hrs/month
