Id,PricebookEntryId,ContributingProductId,ProductId,ProductSellingModelId,DerivedPricingScope,Formula,PricingSource,CurrencyIsoCode,PricebookId
182WC000000FMufYAG,01uWC000005wt7yYAA,01tWC00000DD1BUYA1,01tWC00000DD1BRYA1,0jPWC00000005yz2AA,Both,ListPrice,Product,USD,01sWC0000022GHFYA2
182WC000000FN17YAG,01uWC000005wt7rYAA,01tWC00000DD16KYAT,01tWC00000DD16NYAT,0jPWC000000060b2AA,Both,UnitPrice,Product,USD,01sWC0000022GHFYA2
182WC000000FN18YAG,01uWC000005wt7zYAA,01tWC00000DD1BUYA1,01tWC00000DD1BTYA1,0jPWC000000060b2AA,Both,UnitPrice,Product,USD,01sWC0000022GHFYA2
182WC000000FN19YAG,01uWC000005wsy8YAA,01tWC00000DCyyGYAT,01tWC00000DD1tcYAD,0jPWC00000005yz2AA,Both,UnitPrice,Product,USD,01sWC0000022GHFYA2
182WC000000FN1AYAW,01uWC000005wsyHYAQ,01tWC00000DD1pUYAT,01tWC00000DD1pTYAT,0jPWC00000005yz2AA,Both,UnitPrice,Product,USD,01sWC0000022GHFYA2
182WC000000FN1BYAW,01uWC000005wt5pYAA,01tWC00000DCyyCYAT,01tWC00000DCyyBYAT,0jPWC00000005yz2AA,Both,UnitPrice,Product,USD,01sWC0000022GHFYA2
182WC000000FN1CYAW,01uWC000005wsn0YAA,01tWC00000DD1pNYAT,01tWC00000DD1pMYAT,0jPWC00000005yz2AA,Both,UnitPrice,Product,USD,01sWC0000022GHFYA2
182WC000000FN1DYAW,01uWC000005wt5rYAA,01tWC00000DCyyLYAT,01tWC00000DCyyKYAT,0jPWC00000005yz2AA,Both,UnitPrice,Product,USD,01sWC0000022GHFYA2
182WC000000FN1EYAW,01uWC000005wsyGYAQ,01tWC00000DD1pQYAT,01tWC00000DD1pPYAT,0jPWC00000005yz2AA,Both,UnitPrice,Product,USD,01sWC0000022GHFYA2
182WC000000FN1FYAW,01uWC000005wt5qYAA,01tWC00000DD1otYAD,01tWC00000DCyyIYAT,0jPWC00000005yz2AA,Both,UnitPrice,Product,USD,01sWC0000022GHFYA2
182WC000000FN1GYAW,01uWC000005wt59YAA,01tWC00000DD1n9YAD,01tWC00000DD1n7YAD,0jPWC00000005yz2AA,Both,UnitPrice,Product,USD,01sWC0000022GHFYA2
182WC000000FN1HYAW,01uWC000005wsyFYAQ,01tWC00000DD1pHYAT,01tWC00000DD1pGYAT,0jPWC00000005yz2AA,Both,UnitPrice,Product,USD,01sWC0000022GHFYA2
182WC000000FN1IYAW,01uWC000005wsyCYAQ,01tWC00000DD1p3YAD,01tWC00000DD1p2YAD,0jPWC00000005yz2AA,Both,UnitPrice,Product,USD,01sWC0000022GHFYA2
182WC000000FN1JYAW,01uWC000005wsjIYAQ,01tWC00000DCxmOYAT,01tWC00000DCxmNYAT,0jPWC00000005yz2AA,Both,UnitPrice,Product,USD,01sWC0000022GHFYA2
182WC000000FN1KYAW,01uWC000005wqfBYAQ,01tWC00000DD1p0YAD,01tWC00000DD1ozYAD,0jPWC00000005yz2AA,Both,UnitPrice,Product,USD,01sWC0000022GHFYA2
182WC000000FN1LYAW,01uWC000005wsy7YAA,01tWC00000DD1tZYAT,01tWC00000DD1tYYAT,0jPWC00000005yz2AA,Both,UnitPrice,Product,USD,01sWC0000022GHFYA2
182WC000000FN1MYAW,01uWC000005wsy8YAA,01tWC00000DD1tdYAD,01tWC00000DD1tcYAD,0jPWC00000005yz2AA,Both,UnitPrice,Product,USD,01sWC0000022GHFYA2
182WC000000FN1NYAW,01uWC000005wsyAYAQ,01tWC00000DD1onYAD,01tWC00000DD1omYAD,0jPWC00000005yz2AA,Both,UnitPrice,Product,USD,01sWC0000022GHFYA2
182WC000000FN1OYAW,01uWC000005wsy9YAA,01tWC00000DD1ojYAD,01tWC00000DD1oiYAD,0jPWC00000005yz2AA,Both,UnitPrice,Product,USD,01sWC0000022GHFYA2
182WC000000FN1PYAW,01uWC000005wsyOYAQ,01tWC00000DD1tRYAT,01tWC00000DD1tQYAT,0jPWC00000005yz2AA,Both,UnitPrice,Product,USD,01sWC0000022GHFYA2
182WC000000FN1QYAW,01uWC000005wt5IYAQ,01tWC00000DD1oXYAT,01tWC00000DD1oWYAT,0jPWC00000005yz2AA,Both,UnitPrice,Product,USD,01sWC0000022GHFYA2
182WC000000FN1RYAW,01uWC000005wt57YAA,01tWC00000DD1n1YAD,01tWC00000DD1n0YAD,0jPWC00000005yz2AA,Both,UnitPrice,Product,USD,01sWC0000022GHFYA2
182WC000000FN1SYAW,01uWC000005wqfAYAQ,01tWC00000DD1oLYAT,01tWC00000DD1oKYAT,0jPWC00000005yz2AA,Both,UnitPrice,Product,USD,01sWC0000022GHFYA2
182WC000000FN1TYAW,01uWC000005wt5HYAQ,01tWC00000DD1oSYAT,01tWC00000DD1oQYAT,0jPWC00000005yz2AA,Both,UnitPrice,Product,USD,01sWC0000022GHFYA2
182WC000000FN1UYAW,01uWC000005wsyNYAQ,01tWC00000DD1tLYAT,01tWC00000DD1tKYAT,0jPWC00000005yz2AA,Both,UnitPrice,Product,USD,01sWC0000022GHFYA2
182WC000000FN1VYAW,01uWC000005wqf9YAA,01tWC00000DD1oHYAT,01tWC00000DD1oGYAT,0jPWC00000005yz2AA,Both,UnitPrice,Product,USD,01sWC0000022GHFYA2
182WC000000FN1WYAW,01uWC000005wsyMYAQ,01tWC00000DD1prYAD,01tWC00000DD1ppYAD,0jPWC00000005yz2AA,Both,UnitPrice,Product,USD,01sWC0000022GHFYA2
182WC000000FN1XYAW,01uWC000005wsmPYAQ,01tWC00000DD1tIYAT,01tWC00000DD1tHYAT,0jPWC00000005yz2AA,Both,UnitPrice,Product,USD,01sWC0000022GHFYA2
182WC000000FN1YYAW,01uWC000005wt5GYAQ,01tWC00000DD1o2YAD,01tWC00000DD1o1YAD,0jPWC00000005yz2AA,Both,UnitPrice,Product,USD,01sWC0000022GHFYA2
182WC000000FN1ZYAW,01uWC000005wt5FYAQ,01tWC00000DD1ntYAD,01tWC00000DD1nsYAD,0jPWC00000005yz2AA,Both,UnitPrice,Product,USD,01sWC0000022GHFYA2
182WC000000FN1aYAG,01uWC000005wsyLYAQ,01tWC00000DD1pkYAD,01tWC00000DD1pjYAD,0jPWC00000005yz2AA,Both,UnitPrice,Product,USD,01sWC0000022GHFYA2
182WC000000FN1bYAG,01uWC000005wsn2YAA,01tWC00000DD1phYAD,01tWC00000DD1pgYAD,0jPWC00000005yz2AA,Both,UnitPrice,Product,USD,01sWC0000022GHFYA2
182WC000000FN1cYAG,01uWC000005wt5EYAQ,01tWC00000DD1npYAD,01tWC00000DD1noYAD,0jPWC00000005yz2AA,Both,UnitPrice,Product,USD,01sWC0000022GHFYA2
182WC000000FN1dYAG,01uWC000005wsn1YAA,01tWC00000DD1peYAD,01tWC00000DD1pdYAD,0jPWC00000005yz2AA,Both,UnitPrice,Product,USD,01sWC0000022GHFYA2
182WC000000FN1eYAG,01uWC000005wsyJYAQ,01tWC00000DD1pYYAT,01tWC00000DD1pXYAT,0jPWC00000005yz2AA,Both,UnitPrice,Product,USD,01sWC0000022GHFYA2
182WC000000FN1fYAG,01uWC000005wqfwYAA,01tWC00000DD1nVYAT,01tWC00000DD1nUYAT,0jPWC00000005yz2AA,Both,UnitPrice,Product,USD,01sWC0000022GHFYA2
182WC000000FN1gYAG,01uWC000005wqfjYAA,01tWC00000DD1hOYAT,01tWC00000DD1hNYAT,0jPWC00000005yz2AA,Both,UnitPrice,Product,USD,01sWC0000022GHFYA2
182WC000000FN1hYAG,01uWC000005wsfYYAQ,01tWC00000DD1nYYAT,01tWC00000DCxksYAD,0jPWC00000005yz2AA,Both,UnitPrice,Product,USD,01sWC0000022GHFYA2
182WC000000FN1iYAG,01uWC000005wt5DYAQ,01tWC00000DD1nSYAT,01tWC00000DD1nRYAT,0jPWC00000005yz2AA,Both,UnitPrice,Product,USD,01sWC0000022GHFYA2
182WC000000FN1jYAG,01uWC000005wt5CYAQ,01tWC00000DD1nOYAT,01tWC00000DD1nNYAT,0jPWC00000005yz2AA,Both,UnitPrice,Product,USD,01sWC0000022GHFYA2
182WC000000FN1kYAG,01uWC000005wsz4YAA,01tWC00000DD1gMYAT,01tWC00000DD1gLYAT,0jPWC00000005yz2AA,Both,UnitPrice,Product,USD,01sWC0000022GHFYA2
182WC000000FN1lYAG,01uWC000005wt5BYAQ,01tWC00000DD1nJYAT,01tWC00000DD1nIYAT,0jPWC00000005yz2AA,Both,UnitPrice,Product,USD,01sWC0000022GHFYA2
182WC000000FN1mYAG,01uWC000005wt5oYAA,01tWC00000DCxlaYAD,01tWC00000DCxlZYAT,0jPWC00000005yz2AA,Both,UnitPrice,Product,USD,01sWC0000022GHFYA2
182WC000000FN1nYAG,01uWC000005wt5AYAQ,01tWC00000DD1nEYAT,01tWC00000DD1nDYAT,0jPWC00000005yz2AA,Both,UnitPrice,Product,USD,01sWC0000022GHFYA2
182WC000000FN1oYAG,01uWC000005wt5nYAA,01tWC00000DCxkyYAD,01tWC00000DCxkxYAD,0jPWC00000005yz2AA,Both,UnitPrice,Product,USD,01sWC0000022GHFYA2
182WC000000FN1pYAG,01uWC000005wt58YAA,01tWC00000DD1n5YAD,01tWC00000DD1n4YAD,0jPWC00000005yz2AA,Both,UnitPrice,Product,USD,01sWC0000022GHFYA2
182WC000000FN1qYAG,01uWC000005wt5mYAA,01tWC00000DCxkvYAD,01tWC00000DCxkuYAD,0jPWC00000005yz2AA,Both,UnitPrice,Product,USD,01sWC0000022GHFYA2
182WC000000FN1rYAG,01uWC000005wt56YAA,01tWC00000DD1mvYAD,01tWC00000DD1muYAD,0jPWC00000005yz2AA,Both,UnitPrice,Product,USD,01sWC0000022GHFYA2
182WC000000FN1sYAG,01uWC000005wt55YAA,01tWC00000DD1msYAD,01tWC00000DD1mrYAD,0jPWC00000005yz2AA,Both,UnitPrice,Product,USD,01sWC0000022GHFYA2
182WC000000FN1tYAG,01uWC000005wt5lYAA,01tWC00000DCxkoYAD,01tWC00000DCxkqYAD,0jPWC00000005yz2AA,Both,UnitPrice,Product,USD,01sWC0000022GHFYA2
182WC000000FN1uYAG,01uWC000005wt52YAA,01tWC00000DD1mhYAD,01tWC00000DD1mgYAD,0jPWC00000005yz2AA,Both,UnitPrice,Product,USD,01sWC0000022GHFYA2
182WC000000FN1vYAG,01uWC000005wt54YAA,01tWC00000DD1mpYAD,01tWC00000DD1moYAD,0jPWC00000005yz2AA,Both,UnitPrice,Product,USD,01sWC0000022GHFYA2
182WC000000FN1wYAG,01uWC000005wt50YAA,01tWC00000DD1hxYAD,01tWC00000DD1hwYAD,0jPWC00000005yz2AA,Both,UnitPrice,Product,USD,01sWC0000022GHFYA2
182WC000000FN1xYAG,01uWC000005wsxIYAQ,01tWC00000DD1hqYAD,01tWC00000DD1hpYAD,0jPWC00000005yz2AA,Both,UnitPrice,Product,USD,01sWC0000022GHFYA2
182WC000000FN1yYAG,01uWC000005wt4zYAA,01tWC00000DD1hmYAD,01tWC00000DD1hlYAD,0jPWC00000005yz2AA,Both,UnitPrice,Product,USD,01sWC0000022GHFYA2
182WC000000FN1zYAG,01uWC000005wqflYAA,01tWC00000DD1hfYAD,01tWC00000DD1heYAD,0jPWC00000005yz2AA,Both,UnitPrice,Product,USD,01sWC0000022GHFYA2
182WC000000FN20YAG,01uWC000005wt4yYAA,01tWC00000DD1haYAD,01tWC00000DD1hZYAT,0jPWC00000005yz2AA,Both,UnitPrice,Product,USD,01sWC0000022GHFYA2
182WC000000FN21YAG,01uWC000005wt4xYAA,01tWC00000DD1hWYAT,01tWC00000DD1hUYAT,0jPWC00000005yz2AA,Both,UnitPrice,Product,USD,01sWC0000022GHFYA2
182WC000000FN22YAG,01uWC000005wsfkYAA,01tWC00000DD1hKYAT,01tWC00000DD1hJYAT,0jPWC00000005yz2AA,Both,UnitPrice,Product,USD,01sWC0000022GHFYA2
182WC000000FN23YAG,01uWC000005wqfgYAA,01tWC00000DD1hCYAT,01tWC00000DD1hBYAT,0jPWC00000005yz2AA,Both,UnitPrice,Product,USD,01sWC0000022GHFYA2
182WC000000FN24YAG,01uWC000005wsx3YAA,01tWC00000DD1HtYAL,01tWC00000DD1HsYAL,0jPWC00000005yz2AA,Both,UnitPrice,Product,USD,01sWC0000022GHFYA2
182WC000000FN25YAG,01uWC000005wsybYAA,01tWC00000DD162YAD,01tWC00000DD161YAD,0jPWC00000005yz2AA,Both,UnitPrice,Product,USD,01sWC0000022GHFYA2
182WC000000FN26YAG,01uWC000005wsbUYAQ,01tWC00000DD1btYAD,01tWC00000DD1bsYAD,0jPWC00000005yz2AA,Both,UnitPrice,Product,USD,01sWC0000022GHFYA2
182WC000000FN27YAG,01uWC000005wsylYAA,01tWC00000DD1HxYAL,01tWC00000DD1HwYAL,0jPWC00000005yz2AA,Both,UnitPrice,Product,USD,01sWC0000022GHFYA2
182WC000000FN28YAG,01uWC000005wsz3YAA,01tWC00000DD1aBYAT,01tWC00000DD1aAYAT,0jPWC00000005yz2AA,Both,UnitPrice,Product,USD,01sWC0000022GHFYA2
182WC000000FN29YAG,01uWC000005xE7RYAU,01tWC00000DD1a6YAD,01tWC00000FBZZHYA5,0jPWC00000005yz2AA,Both,UnitPrice,Product,USD,01sWC0000022GHFYA2
182WC000000FN2AYAW,01uWC000005wskTYAQ,01tWC00000DCwWZYA1,01tWC00000DCwWYYA1,0jPWC00000005yz2AA,Both,UnitPrice,Product,USD,01sWC0000022GHFYA2
182WC000000FN2BYAW,01uWC000005xE7PYAU,01tWC00000DD1a1YAD,01tWC00000FBZZCYA5,0jPWC00000005yz2AA,Both,UnitPrice,Product,USD,01sWC0000022GHFYA2
182WC000000FN2CYAW,01uWC000005xE7NYAU,01tWC00000DD1ZwYAL,01tWC00000FBZZ7YAP,0jPWC00000005yz2AA,Both,UnitPrice,Product,USD,01sWC0000022GHFYA2
182WC000000FN2DYAW,01uWC000005wsyzYAA,01tWC00000DD1VBYA1,01tWC00000DD1VAYA1,0jPWC00000005yz2AA,Both,UnitPrice,Product,USD,01sWC0000022GHFYA2
182WC000000FN2EYAW,01uWC000005wsyyYAA,01tWC00000DD1V6YAL,01tWC00000DD1V5YAL,0jPWC00000005yz2AA,Both,UnitPrice,Product,USD,01sWC0000022GHFYA2
182WC000000FN2FYAW,01uWC000005wsupYAA,01tWC00000DCwWVYA1,01tWC00000DD20cYAD,0jPWC00000005yz2AA,Both,UnitPrice,Product,USD,01sWC0000022GHFYA2
182WC000000FN2GYAW,01uWC000005wspiYAA,01tWC00000DD14zYAD,01tWC00000DD14yYAD,0jPWC00000005yz2AA,Both,UnitPrice,Product,USD,01sWC0000022GHFYA2
182WC000000FN2HYAW,01uWC000005wsyvYAA,01tWC00000DD1JeYAL,01tWC00000DD1JdYAL,0jPWC00000005yz2AA,Both,UnitPrice,Product,USD,01sWC0000022GHFYA2
182WC000000FN2IYAW,01uWC000005wsyrYAA,01tWC00000DD1IOYA1,01tWC00000DD1INYA1,0jPWC00000005yz2AA,Both,UnitPrice,Product,USD,01sWC0000022GHFYA2
182WC000000FN2JYAW,01uWC000005wt51YAA,01tWC00000DD1meYAD,01tWC00000DD1mdYAD,0jPWC00000005yz2AA,Both,UnitPrice,Product,USD,01sWC0000022GHFYA2
182WC000000FN2KYAW,01uWC000005wsypYAA,01tWC00000DD1IFYA1,01tWC00000DD1IEYA1,0jPWC00000005yz2AA,Both,UnitPrice,Product,USD,01sWC0000022GHFYA2
182WC000000FN2LYAW,01uWC000005wsx7YAA,01tWC00000DD1I9YAL,01tWC00000DD1I8YAL,0jPWC00000005yz2AA,Both,UnitPrice,Product,USD,01sWC0000022GHFYA2
182WC000000FN2MYAW,01uWC000005wsx5YAA,01tWC00000DD1I1YAL,01tWC00000DD1I0YAL,0jPWC00000005yz2AA,Both,UnitPrice,Product,USD,01sWC0000022GHFYA2
182WC000000FN2NYAW,01uWC000005wsyuYAA,01tWC00000DD1IeYAL,01tWC00000DD1IdYAL,0jPWC00000005yz2AA,Both,UnitPrice,Product,USD,01sWC0000022GHFYA2
182WC000000FN2OYAW,01uWC000005wsysYAA,01tWC00000DD1ITYA1,01tWC00000DD1ISYA1,0jPWC00000005yz2AA,Both,UnitPrice,Product,USD,01sWC0000022GHFYA2
182WC000000FN2PYAW,01uWC000005wsyqYAA,01tWC00000DD1IJYA1,01tWC00000DD1IIYA1,0jPWC00000005yz2AA,Both,UnitPrice,Product,USD,01sWC0000022GHFYA2
182WC000000FN2QYAW,01uWC000005wsymYAA,01tWC00000DD1I5YAL,01tWC00000DD1I4YAL,0jPWC00000005yz2AA,Both,UnitPrice,Product,USD,01sWC0000022GHFYA2
182WC000000FN2RYAW,01uWC000005wsyeYAA,01tWC00000DD16IYAT,01tWC00000DD16HYAT,0jPWC00000005yz2AA,Both,UnitPrice,Product,USD,01sWC0000022GHFYA2
182WC000000FN2SYAW,01uWC000005xE7LYAU,01tWC00000DD15xYAD,01tWC00000FBYsFYAX,0jPWC00000005yz2AA,Both,UnitPrice,Product,USD,01sWC0000022GHFYA2
182WC000000FN2TYAW,01uWC000005xE7JYAU,01tWC00000DD15sYAD,01tWC00000FBYsBYAX,0jPWC00000005yz2AA,Both,UnitPrice,Product,USD,01sWC0000022GHFYA2
182WC000000FN2UYAW,01uWC000005wsfpYAA,01tWC00000DD1hWYAT,01tWC00000DD1hXYAT,0jPWC000000060b2AA,Both,UnitPrice,Product,USD,01sWC0000022GHFYA2
182WC000000FN2VYAW,01uWC000005wsfsYAA,01tWC00000DD1hxYAD,01tWC00000DCzGGYA1,0jPWC000000060b2AA,Both,UnitPrice,Product,USD,01sWC0000022GHFYA2
182WC000000FN2WYAW,01uWC000005wt8WYAQ,01tWC00000DCzGJYA1,01tWC00000DCzGKYA1,0jPWC000000060b2AA,Both,UnitPrice,Product,USD,01sWC0000022GHFYA2
182WC000000FN2XYAW,01uWC000005wsg1YAA,01tWC00000DD1nVYAT,01tWC00000DD1nWYAT,0jPWC000000060b2AA,Both,UnitPrice,Product,USD,01sWC0000022GHFYA2
182WC000000FN2YYAW,01uWC000005wsfmYAA,01tWC00000DD1hOYAT,01tWC00000DD1hPYAT,0jPWC000000060b2AA,Both,UnitPrice,Product,USD,01sWC0000022GHFYA2
182WC000000FN2ZYAW,01uWC000005wsg2YAA,01tWC00000DD1nYYAT,01tWC00000DD1nZYAT,0jPWC000000060b2AA,Both,UnitPrice,Product,USD,01sWC0000022GHFYA2
182WC000000FN2aYAG,01uWC000005wsg0YAA,01tWC00000DD1nSYAT,01tWC00000DD1nTYAT,0jPWC000000060b2AA,Both,UnitPrice,Product,USD,01sWC0000022GHFYA2
182WC000000FN2bYAG,01uWC000005wsfzYAA,01tWC00000DD1nOYAT,01tWC00000DD1nPYAT,0jPWC000000060b2AA,Both,UnitPrice,Product,USD,01sWC0000022GHFYA2
182WC000000FN2cYAG,01uWC000005wsfyYAA,01tWC00000DD1nJYAT,01tWC00000DD1nKYAT,0jPWC000000060b2AA,Both,UnitPrice,Product,USD,01sWC0000022GHFYA2
182WC000000FN2dYAG,01uWC000005wsfxYAA,01tWC00000DD1nEYAT,01tWC00000DD1nFYAT,0jPWC000000060b2AA,Both,UnitPrice,Product,USD,01sWC0000022GHFYA2
182WC000000FN2eYAG,01uWC000005wt8ZYAQ,01tWC00000DD1n5YAD,01tWC00000DD1n6YAD,0jPWC000000060b2AA,Both,UnitPrice,Product,USD,01sWC0000022GHFYA2
182WC000000FN2fYAG,01uWC000005wsfuYAA,01tWC00000DD1mvYAD,01tWC00000DD1mwYAD,0jPWC000000060b2AA,Both,UnitPrice,Product,USD,01sWC0000022GHFYA2
182WC000000FN2gYAG,01uWC000005wt8YYAQ,01tWC00000DD1msYAD,01tWC00000DD1mtYAD,0jPWC000000060b2AA,Both,UnitPrice,Product,USD,01sWC0000022GHFYA2
182WC000000FN2hYAG,01uWC000005wt8XYAQ,01tWC00000DD1mpYAD,01tWC00000DD1mqYAD,0jPWC000000060b2AA,Both,UnitPrice,Product,USD,01sWC0000022GHFYA2
182WC000000FN2iYAG,01uWC000005wsxJYAQ,01tWC00000DD1hqYAD,01tWC00000DD1hrYAD,0jPWC000000060b2AA,Both,UnitPrice,Product,USD,01sWC0000022GHFYA2
182WC000000FN2jYAG,01uWC000005wsfrYAA,01tWC00000DD1hmYAD,01tWC00000DD1hnYAD,0jPWC000000060b2AA,Both,UnitPrice,Product,USD,01sWC0000022GHFYA2
182WC000000FN2kYAG,01uWC000005wqfmYAA,01tWC00000DD1hfYAD,01tWC00000DD1hgYAD,0jPWC000000060b2AA,Both,UnitPrice,Product,USD,01sWC0000022GHFYA2
182WC000000FN2lYAG,01uWC000005wsfqYAA,01tWC00000DD1haYAD,01tWC00000DD1hbYAD,0jPWC000000060b2AA,Both,UnitPrice,Product,USD,01sWC0000022GHFYA2
182WC000000FN2mYAG,01uWC000005wsflYAA,01tWC00000DD1hKYAT,01tWC00000DD1hLYAT,0jPWC000000060b2AA,Both,UnitPrice,Product,USD,01sWC0000022GHFYA2
182WC000000FN2nYAG,01uWC000005wsmqYAA,01tWC00000DCyyGYAT,01tWC00000DCyyHYAT,0jPWC000000060b2AA,Both,UnitPrice,Product,USD,01sWC0000022GHFYA2
182WC000000FN2oYAG,01uWC000005wsnKYAQ,01tWC00000DCxmOYAT,01tWC00000DD222YAD,0jPWC00000005yz2AA,Both,UnitPrice,Product,USD,01sWC0000022GHFYA2
182WC000000FN2pYAG,01uWC000005wsjWYAQ,01tWC00000DD1tIYAT,01tWC00000DD1tJYAT,0jPWC000000060b2AA,Both,UnitPrice,Product,USD,01sWC0000022GHFYA2
182WC000000FN2qYAG,01uWC000005wsn3YAA,01tWC00000DD1phYAD,01tWC00000DD1piYAD,0jPWC000000060b2AA,Both,UnitPrice,Product,USD,01sWC0000022GHFYA2
182WC000000FN2rYAG,01uWC000005wsgGYAQ,01tWC00000DD1peYAD,01tWC00000DD1pfYAD,0jPWC000000060b2AA,Both,UnitPrice,Product,USD,01sWC0000022GHFYA2
182WC000000FN2sYAG,01uWC000005wsgFYAQ,01tWC00000DD1pNYAT,01tWC00000DD1pOYAT,0jPWC000000060b2AA,Both,UnitPrice,Product,USD,01sWC0000022GHFYA2
182WC000000FN2tYAG,01uWC000005wsbVYAQ,01tWC00000DD1btYAD,01tWC00000DD1buYAD,0jPWC000000060b2AA,Both,UnitPrice,Product,USD,01sWC0000022GHFYA2
182WC000000FN2uYAG,01uWC000005wspjYAA,01tWC00000DD14zYAD,01tWC00000DD150YAD,0jPWC000000060b2AA,Both,UnitPrice,Product,USD,01sWC0000022GHFYA2
182WC000000FN2vYAG,01uWC000005xE7KYAU,01tWC00000DD15sYAD,01tWC00000FBYsCYAX,0jPWC000000060b2AA,Both,UnitPrice,Product,USD,01sWC0000022GHFYA2
182WC000000FN2wYAG,01uWC000005xE7MYAU,01tWC00000DD15xYAD,01tWC00000FBYsGYAX,0jPWC000000060b2AA,Both,UnitPrice,Product,USD,01sWC0000022GHFYA2
182WC000000FN2xYAG,01uWC000005wt7oYAA,01tWC00000DD162YAD,01tWC00000DD163YAD,0jPWC000000060b2AA,Both,UnitPrice,Product,USD,01sWC0000022GHFYA2
182WC000000FN2yYAG,01uWC000005wsyfYAA,01tWC00000DD16IYAT,01tWC00000DD16JYAT,0jPWC000000060b2AA,Both,UnitPrice,Product,USD,01sWC0000022GHFYA2
182WC000000FN2zYAG,01uWC000005wsx4YAA,01tWC00000DD1HtYAL,01tWC00000DD1HuYAL,0jPWC000000060b2AA,Both,UnitPrice,Product,USD,01sWC0000022GHFYA2
182WC000000FN30YAG,01uWC000005wsb1YAA,01tWC00000DD1HxYAL,01tWC00000DD1HyYAL,0jPWC000000060b2AA,Both,UnitPrice,Product,USD,01sWC0000022GHFYA2
182WC000000FN31YAG,01uWC000005wsb2YAA,01tWC00000DD1I5YAL,01tWC00000DD1I6YAL,0jPWC000000060b2AA,Both,UnitPrice,Product,USD,01sWC0000022GHFYA2
182WC000000FN32YAG,01uWC000005wsb3YAA,01tWC00000DD1IJYA1,01tWC00000DD1IKYA1,0jPWC000000060b2AA,Both,UnitPrice,Product,USD,01sWC0000022GHFYA2
182WC000000FN33YAG,01uWC000005wsb5YAA,01tWC00000DD1ITYA1,01tWC00000DD1IUYA1,0jPWC000000060b2AA,Both,UnitPrice,Product,USD,01sWC0000022GHFYA2
182WC000000FN34YAG,01uWC000005wsb6YAA,01tWC00000DD1IXYA1,01tWC00000DD1IYYA1,0jPWC000000060b2AA,Both,UnitPrice,Product,USD,01sWC0000022GHFYA2
182WC000000FN35YAG,01uWC000005wsb7YAA,01tWC00000DD1IeYAL,01tWC00000DD1IfYAL,0jPWC000000060b2AA,Both,UnitPrice,Product,USD,01sWC0000022GHFYA2
182WC000000FN36YAG,01uWC000005xE7SYAU,01tWC00000DD1a6YAD,01tWC00000FBZZJYA5,0jPWC000000060b2AA,Both,UnitPrice,Product,USD,01sWC0000022GHFYA2
182WC000000FN37YAG,01uWC000005wsx6YAA,01tWC00000DD1I1YAL,01tWC00000DD1I2YAL,0jPWC000000060b2AA,Both,UnitPrice,Product,USD,01sWC0000022GHFYA2
182WC000000FN38YAG,01uWC000005wsx8YAA,01tWC00000DD1I9YAL,01tWC00000DD1IAYA1,0jPWC000000060b2AA,Both,UnitPrice,Product,USD,01sWC0000022GHFYA2
182WC000000FN39YAG,01uWC000005wt8BYAQ,01tWC00000DD1IFYA1,01tWC00000DD1IGYA1,0jPWC000000060b2AA,Both,UnitPrice,Product,USD,01sWC0000022GHFYA2
182WC000000FN3AYAW,01uWC000005wsb4YAA,01tWC00000DD1IOYA1,01tWC00000DD1IPYA1,0jPWC000000060b2AA,Both,UnitPrice,Product,USD,01sWC0000022GHFYA2
182WC000000FN3BYAW,01uWC000005wsywYAA,01tWC00000DD1JeYAL,01tWC00000DD1JfYAL,0jPWC000000060b2AA,Both,UnitPrice,Product,USD,01sWC0000022GHFYA2
182WC000000FN3CYAW,01uWC000005wsuoYAA,01tWC00000DCwWVYA1,01tWC00000DD20bYAD,0jPWC00000005yz2AA,Both,UnitPrice,Product,USD,01sWC0000022GHFYA2
182WC000000FN3DYAW,01uWC000005wsbJYAQ,01tWC00000DCwWZYA1,01tWC00000DCwWaYAL,0jPWC000000060b2AA,Both,UnitPrice,Product,USD,01sWC0000022GHFYA2
182WC000000FN3EYAW,01uWC000005wsbQYAQ,01tWC00000DD1V6YAL,01tWC00000DD1V7YAL,0jPWC000000060b2AA,Both,UnitPrice,Product,USD,01sWC0000022GHFYA2
182WC000000FN3FYAW,01uWC000005wsbRYAQ,01tWC00000DD1VBYA1,01tWC00000DD1VCYA1,0jPWC000000060b2AA,Both,UnitPrice,Product,USD,01sWC0000022GHFYA2
182WC000000FN3GYAW,01uWC000005xE7OYAU,01tWC00000DD1ZwYAL,01tWC00000FBZZ9YAP,0jPWC000000060b2AA,Both,UnitPrice,Product,USD,01sWC0000022GHFYA2
182WC000000FN3HYAW,01uWC000005xE7QYAU,01tWC00000DD1a1YAD,01tWC00000FBZZEYA5,0jPWC000000060b2AA,Both,UnitPrice,Product,USD,01sWC0000022GHFYA2
182WC000000FN3IYAW,01uWC000005wsbTYAQ,01tWC00000DD1aBYAT,01tWC00000DD1aCYAT,0jPWC000000060b2AA,Both,UnitPrice,Product,USD,01sWC0000022GHFYA2
182WC000000FN3JYAW,01uWC000005wsfZYAQ,01tWC00000DCxkrYAD,01tWC00000DCxktYAD,0jPWC000000060b2AA,Both,UnitPrice,Product,USD,01sWC0000022GHFYA2
182WC000000FN3KYAW,01uWC000005wsfVYAQ,01tWC00000DD1meYAD,01tWC00000DD1mfYAD,0jPWC000000060b2AA,Both,UnitPrice,Product,USD,01sWC0000022GHFYA2
182WC000000FN3LYAW,01uWC000005wsfWYAQ,01tWC00000DD1mhYAD,01tWC00000DD1miYAD,0jPWC000000060b2AA,Both,UnitPrice,Product,USD,01sWC0000022GHFYA2
182WC000000FN3MYAW,01uWC000005wsfZYAQ,01tWC00000DCxkoYAD,01tWC00000DCxktYAD,0jPWC000000060b2AA,Both,UnitPrice,Product,USD,01sWC0000022GHFYA2
182WC000000FN3NYAW,01uWC000005wsfaYAA,01tWC00000DCxkvYAD,01tWC00000DCxkwYAD,0jPWC000000060b2AA,Both,UnitPrice,Product,USD,01sWC0000022GHFYA2
182WC000000FN3OYAW,01uWC000005wsimYAA,01tWC00000DCxkyYAD,01tWC00000DCxkzYAD,0jPWC000000060b2AA,Both,UnitPrice,Product,USD,01sWC0000022GHFYA2
182WC000000FN3PYAW,01uWC000005wt8LYAQ,01tWC00000DCxlaYAD,01tWC00000DCxlbYAD,0jPWC000000060b2AA,Both,UnitPrice,Product,USD,01sWC0000022GHFYA2
182WC000000FN3QYAW,01uWC000005wsz5YAA,01tWC00000DD1gMYAT,01tWC00000DD1gNYAT,0jPWC000000060b2AA,Both,UnitPrice,Product,USD,01sWC0000022GHFYA2
182WC000000FN3RYAW,01uWC000005wqfhYAA,01tWC00000DD1hCYAT,01tWC00000DD1hDYAT,0jPWC000000060b2AA,Both,UnitPrice,Product,USD,01sWC0000022GHFYA2
182WC000000FN3SYAW,01uWC000005wt8vYAA,01tWC00000DCyyCYAT,01tWC00000DCyyDYAT,0jPWC000000060b2AA,Both,UnitPrice,Product,USD,01sWC0000022GHFYA2
182WC000000FN3TYAW,01uWC000005wt8wYAA,01tWC00000DCyyLYAT,01tWC00000DCyyMYAT,0jPWC000000060b2AA,Both,UnitPrice,Product,USD,01sWC0000022GHFYA2
182WC000000FN3UYAW,01uWC000005wsgAYAQ,01tWC00000DD1oLYAT,01tWC00000DD1oMYAT,0jPWC000000060b2AA,Both,UnitPrice,Product,USD,01sWC0000022GHFYA2
182WC000000FN3VYAW,01uWC000005wt8sYAA,01tWC00000DD1tLYAT,01tWC00000DD1tMYAT,0jPWC000000060b2AA,Both,UnitPrice,Product,USD,01sWC0000022GHFYA2
182WC000000FN3WYAW,01uWC000005wsjVYAQ,01tWC00000DD1prYAD,01tWC00000DD1ptYAD,0jPWC000000060b2AA,Both,UnitPrice,Product,USD,01sWC0000022GHFYA2
182WC000000FN3XYAW,01uWC000005wt8qYAA,01tWC00000DD1pkYAD,01tWC00000DD1plYAD,0jPWC000000060b2AA,Both,UnitPrice,Product,USD,01sWC0000022GHFYA2
182WC000000FN3YYAW,01uWC000005wsyKYAQ,01tWC00000DD1pYYAT,01tWC00000DD1pZYAT,0jPWC000000060b2AA,Both,UnitPrice,Product,USD,01sWC0000022GHFYA2
182WC000000FN3ZYAW,01uWC000005wsyIYAQ,01tWC00000DD1pUYAT,01tWC00000DD1pVYAT,0jPWC000000060b2AA,Both,UnitPrice,Product,USD,01sWC0000022GHFYA2
182WC000000FN3aYAG,01uWC000005wt8pYAA,01tWC00000DD1pQYAT,01tWC00000DD1pRYAT,0jPWC000000060b2AA,Both,UnitPrice,Product,USD,01sWC0000022GHFYA2
182WC000000FN3bYAG,01uWC000005wt8oYAA,01tWC00000DD1pHYAT,01tWC00000DD1pIYAT,0jPWC000000060b2AA,Both,UnitPrice,Product,USD,01sWC0000022GHFYA2
182WC000000FN3cYAG,01uWC000005wt8kYAA,01tWC00000DD1p3YAD,01tWC00000DD1p4YAD,0jPWC000000060b2AA,Both,UnitPrice,Product,USD,01sWC0000022GHFYA2
182WC000000FN3dYAG,01uWC000005wsgEYAQ,01tWC00000DD1p0YAD,01tWC00000DD1p1YAD,0jPWC000000060b2AA,Both,UnitPrice,Product,USD,01sWC0000022GHFYA2
182WC000000FN3eYAG,01uWC000005wt8hYAA,01tWC00000DD1onYAD,01tWC00000DD1ooYAD,0jPWC000000060b2AA,Both,UnitPrice,Product,USD,01sWC0000022GHFYA2
182WC000000FN3fYAG,01uWC000005wt8iYAA,01tWC00000DD1otYAD,01tWC00000DD1ouYAD,0jPWC000000060b2AA,Both,UnitPrice,Product,USD,01sWC0000022GHFYA2
182WC000000FN3gYAG,01uWC000005wt8aYAA,01tWC00000DD1n9YAD,01tWC00000DD1nAYAT,0jPWC000000060b2AA,Both,UnitPrice,Product,USD,01sWC0000022GHFYA2
182WC000000FN3hYAG,01uWC000005wt8gYAA,01tWC00000DD1ojYAD,01tWC00000DD1okYAD,0jPWC000000060b2AA,Both,UnitPrice,Product,USD,01sWC0000022GHFYA2
182WC000000FN3iYAG,01uWC000005wt8eYAA,01tWC00000DD1oXYAT,01tWC00000DD1oYYAT,0jPWC000000060b2AA,Both,UnitPrice,Product,USD,01sWC0000022GHFYA2
182WC000000FN3jYAG,01uWC000005wsjYYAQ,01tWC00000DCxmOYAT,01tWC00000DD1taYAD,0jPWC000000060b2AA,Both,UnitPrice,Product,USD,01sWC0000022GHFYA2
182WC000000FN3kYAG,01uWC000005wsfvYAA,01tWC00000DD1n1YAD,01tWC00000DD1n2YAD,0jPWC000000060b2AA,Both,UnitPrice,Product,USD,01sWC0000022GHFYA2
182WC000000FN3lYAG,01uWC000005wt8uYAA,01tWC00000DD1tdYAD,01tWC00000DD1tfYAD,0jPWC000000060b2AA,Both,UnitPrice,Product,USD,01sWC0000022GHFYA2
182WC000000FN3mYAG,01uWC000005wt8cYAA,01tWC00000DD1oSYAT,01tWC00000DD1oTYAT,0jPWC000000060b2AA,Both,UnitPrice,Product,USD,01sWC0000022GHFYA2
182WC000000FN3nYAG,01uWC000005wt8tYAA,01tWC00000DD1tRYAT,01tWC00000DD1tSYAT,0jPWC000000060b2AA,Both,UnitPrice,Product,USD,01sWC0000022GHFYA2
182WC000000FN3oYAG,01uWC000005wsg9YAA,01tWC00000DD1oHYAT,01tWC00000DD1oIYAT,0jPWC000000060b2AA,Both,UnitPrice,Product,USD,01sWC0000022GHFYA2
182WC000000FN3pYAG,01uWC000005wt8bYAA,01tWC00000DD1o2YAD,01tWC00000DD1o4YAD,0jPWC000000060b2AA,Both,UnitPrice,Product,USD,01sWC0000022GHFYA2
182WC000000FN3qYAG,01uWC000005wsg4YAA,01tWC00000DD1ntYAD,01tWC00000DD1nuYAD,0jPWC000000060b2AA,Both,UnitPrice,Product,USD,01sWC0000022GHFYA2
182WC000000FN3rYAG,01uWC000005wsg3YAA,01tWC00000DD1npYAD,01tWC00000DD1nqYAD,0jPWC000000060b2AA,Both,UnitPrice,Product,USD,01sWC0000022GHFYA2
182WC000000HEPxYAO,01uWC000005wsZnYAI,01tWC00000DD1DxYAL,01tWC00000DD1DwYAL,0jPWC00000005yz2AA,Both,UnitPrice,Product,USD,01sWC0000022GHFYA2
182WC000000HNcvYAG,01uWC000006XPNZYA4,01tWC00000DD1btYAD,01tWC00000DD1buYAD,0jPWC00000005yz2AA,Both,UnitPrice,Product,USD,
182WC000000HNcwYAG,01uWC000006XPPBYA4,01tWC00000DD1btYAD,01tWC00000DD1buYAD,0jPWC00000005yz2AA,Both,UnitPrice,Product,USD,
182WC000000HNjNYAW,01uWC000006otttYAA,01tWC00000IAqPbYAL,01tWC00000IAluiYAD,,Both,UnitPrice,Product,USD,01sWC000001yExBYAU
