Id,ProductCode,Family,Name
01tWC00000DCwWVYA1,FIM-FML-NRPS-IP36PE,Perpetual,IP360
01tWC00000DCwWYYA1,FIM-FIM-RNM-IP36TB,New Maintenance,IP360 - Term Based-NewMaintenance
01tWC00000DCwWZYA1,FIM-FML-NRPS-IP36TE,Perpetual,IP360 - Term Based
01tWC00000DCwWaYAL,FIM-FIM-RRM-IP36FA,Renewal Maintenance,IP360 - Term Based-RenewalMaintenance
01tWC00000DCxkoYAD,FIM-FIM-NRPS-TESP,Perpetual,TE Academic Institution Site License - Directory Services
01tWC00000DCxkqYAD,FIM-FIM-RNM-TACADE,New Maintenance,TE Academic Institution Site License - File Systems-NewMaintenance
01tWC00000DCxkrYAD,FIM-FIM-NRPS-TEAI,Perpetual,TE Academic Institution Site License - File Systems
01tWC00000DCxksYAD,FIM-FIM-RNM-TEVENM,New Maintenance,Tripwire Enterprise for VMware ESX-NewMaintenance
01tWC00000DCxktYAD,FIM-FIM-RRM-TEACI,Renewal Maintenance,TE Academic Institution Site License - File Systems-RenewalMaintenance
01tWC00000DCxkuYAD,FIM-FIM-RNM-TEAIN,New Maintenance,TE Academic Institution Site License - Network Device-NewMaintenance
01tWC00000DCxkvYAD,FIM-FIM-NRPS-TEDP,Perpetual,TE Academic Institution Site License - Network Device
01tWC00000DCxkwYAD,FIM-FIM-RRM-TEACAI,Renewal Maintenance,TE Academic Institution Site License - Network Device-RenewalMaintenance
01tWC00000DCxkxYAD,FIM-FIM-RNM-TEAINS,New Maintenance,TE Academic Institution Site License - VMWare ESX-NewMaintenance
01tWC00000DCxkyYAD,FIM-FIM-NRPS-TEEP,Perpetual,TE Academic Institution Site License - VMWare ESX
01tWC00000DCxkzYAD,FIM-FIM-RRM-TACAIN,Renewal Maintenance,TE Academic Institution Site License - VMWare ESX-RenewalMaintenance
01tWC00000DCxlZYAT,FIM-FIM-RNM-TFSWNM,New Maintenance,TFS for Workstations-NewMaintenance
01tWC00000DCxlaYAD,FIM-FML-NRPS-TFSWOR,Perpetual,TFS for Workstations
01tWC00000DCxlbYAD,FIM-FIM-RRM-TFSWRM,Renewal Maintenance,TFS for Workstations-RenewalMaintenance
01tWC00000DCxmNYAT,FIM-FIM-RNM-TTBELN,New Maintenance,Tripwire - Term Based Enterprise License-NewMaintenance
01tWC00000DCxmOYAT,FIM-FIM-NRPS-TTBELP,Perpetual,Tripwire - Term Based Enterprise License
01tWC00000DCyyBYAT,FIM-FIM-RNM-VEMENM,New Maintenance,VnE Manager Ev-NewMaintenance
01tWC00000DCyyCYAT,FIM-FML-NRPS-VEMEVP,Perpetual,VnE Manager Ev
01tWC00000DCyyDYAT,FIM-FIM-RRM-VEMERM,Renewal Maintenance,VnE Manager Ev-RenewalMaintenance
01tWC00000DCyyGYAT,FIM-FIM-NRPS-VEMEVD,Perpetual,VnE Manager Ev & Device Profiler Ev
01tWC00000DCyyHYAT,FIM-FIM-RRM-VEMEVR,Renewal Maintenance,VnE Manager Ev & Device Profiler Ev-RenewalMaintenance
01tWC00000DCyyIYAT,FIM-FIM-RNM-VEMEEN,New Maintenance,VnE Manager Ev Express-NewMaintenance
01tWC00000DCyyKYAT,FIM-FIM-RNM-VEMELN,New Maintenance,VnE Manager Ev Limited-NewMaintenance
01tWC00000DCyyLYAT,FIM-FIM-NRPS-VEMELP,Perpetual,VnE Manager Ev Limited
01tWC00000DCyyMYAT,FIM-FIM-RRM-VEMELR,Renewal Maintenance,VnE Manager Ev Limited-RenewalMaintenance
01tWC00000DCzGGYA1,FIM-FIM-RRM-TEFSRM,Renewal Maintenance,Tripwire Enterprise for File Systems-RenewalMaintenance
01tWC00000DCzGJYA1,FIM-FIM-NRPS-TEIDP,Perpetual,Tripwire Enterprise for Industrial Devices
01tWC00000DCzGKYA1,FIM-FIM-RRM-TEIDRM,Renewal Maintenance,Tripwire Enterprise for Industrial Devices-RenewalMaintenance
01tWC00000DD14yYAD,RPA-AUT-RNM-AUNM,New Maintenance,Automate Ultimate-NewMaintenance
01tWC00000DD14zYAD,RPA-AUT-NRPS-AUP,Perpetual,Automate Ultimate
01tWC00000DD150YAD,RPA-AUT-RRM-AUUL,Renewal Maintenance,Automate Ultimate-RenewalMaintenance
01tWC00000DD15sYAD,FIM-FML-NRPS-CCMNDP,Perpetual,CCM for Network Devices
01tWC00000DD15xYAD,FIM-FML-NRPS-CCMSER,Perpetual,CCM for Servers
01tWC00000DD161YAD,FIM-FIM-RNM-CCMSIN,New Maintenance,CCM for Single Purpose Devices-NewMaintenance
01tWC00000DD162YAD,FIM-FML-NRPS-CCMSIP,Perpetual,CCM for Single Purpose Devices
01tWC00000DD163YAD,FIM-FIM-RRM-CCMSIR,Renewal Maintenance,CCM for Single Purpose Devices-RenewalMaintenance
01tWC00000DD16HYAT,FIM-FIM-RNM-CCMLSE,New Maintenance,CCM Limited Scan Engine-NewMaintenance
01tWC00000DD16IYAT,FIM-FIM-NRPS-CCMLIE,Perpetual,CCM Limited Scan Engine
01tWC00000DD16JYAT,FIM-FIM-RRM-CCMLSC,Renewal Maintenance,CCM Limited Scan Engine-RenewalMaintenance
01tWC00000DD16KYAT,FIM-FIM-RSS-CCMMSF,Subscription,CCM Management Server - FIM Only
01tWC00000DD16NYAT,FIM-FIM-RRM-CCMMSR,Renewal Maintenance,CCM Management Server-RenewalMaintenance
01tWC00000DD1BRYA1,FIM-FIM-RNM-DPEENM,New Maintenance,Device Profiler Ev Express-NewMaintenance
01tWC00000DD1BTYA1,FIM-FIM-RRM-DPEERM,Renewal Maintenance,Device Profiler Ev Express-RenewalMaintenance
01tWC00000DD1BUYA1,FIM-FIM-RSS-DPEEXS,Subscription,Device Profiler Ev Express
01tWC00000DD1DwYAL,GS-GSE-RNM-EFT8,New Maintenance,EFT 8 Continuum-NewMaintenance
01tWC00000DD1DxYAL,GS-GSE-NRPS-E8CP,Perpetual,EFT 8 Continuum
01tWC00000DD1HsYAL,FIM-FIM-RNM-FIMDNM,New Maintenance,File Integrity Manager for Databases-NewMaintenance
01tWC00000DD1HtYAL,FIM-FIM-NRPS-FIMDAT,Perpetual,File Integrity Manager for Databases
01tWC00000DD1HuYAL,FIM-FIM-RRM-FIMDRM,Renewal Maintenance,File Integrity Manager for Databases-RenewalMaintenance
01tWC00000DD1HwYAL,FIM-FIM-RNM-FIMDES,New Maintenance,File Integrity Manager for Desktops-NewMaintenance
01tWC00000DD1HxYAL,FIM-FIM-NRPS-FIMDEP,Perpetual,File Integrity Manager for Desktops
01tWC00000DD1HyYAL,FIM-FIM-RRM-FIMDER,Renewal Maintenance,File Integrity Manager for Desktops-RenewalMaintenance
01tWC00000DD1I0YAL,FIM-FIM-RNM-FIMDSN,New Maintenance,File Integrity Manager for Directory Services-NewMaintenance
01tWC00000DD1I1YAL,FIM-FIM-NRPS-FIMDSP,Perpetual,File Integrity Manager for Directory Services
01tWC00000DD1I2YAL,FIM-FIM-RRM-FIMDSR,Renewal Maintenance,File Integrity Manager for Directory Services-RenewalMaintenance
01tWC00000DD1I4YAL,FIM-FIM-RNM-FIMFSN,New Maintenance,File Integrity Manager for File Systems-NewMaintenance
01tWC00000DD1I5YAL,FIM-FIM-NRPS-FIMFSP,Perpetual,File Integrity Manager for File Systems
01tWC00000DD1I6YAL,FIM-FIM-RRM-FIMFSR,Renewal Maintenance,File Integrity Manager for File Systems-RenewalMaintenance
01tWC00000DD1I8YAL,FIM-FIM-RNM-FIMLSU,New Maintenance,File Integrity Manager for Large Stores (up to 75 FIM-FS)-NewMaintenance
01tWC00000DD1I9YAL,FIM-FIM-NRPS-FIMLAR,Perpetual,File Integrity Manager for Large Stores (up to 75 FIM-FS)
01tWC00000DD1IAYA1,FIM-FIM-RRM-FIMLAS,Renewal Maintenance,File Integrity Manager for Large Stores (up to 75 FIM-FS)-RenewalMaintenance
01tWC00000DD1IEYA1,FIM-FIM-RNM-FIMMSS,New Maintenance,File Integrity Manager for Mid-Size Stores (up to 20 FS)-NewMaintenance
01tWC00000DD1IFYA1,FIM-FIM-NRPS-FIMMID,Perpetual,File Integrity Manager for Mid-Size Stores (up to 20 FS)
01tWC00000DD1IGYA1,FIM-FIM-RRM-FIMMIS,Renewal Maintenance,File Integrity Manager for Mid-Size Stores (up to 20 FS)-RenewalMaintenance
01tWC00000DD1IIYA1,FIM-FIM-RNM-FIMNDN,New Maintenance,File Integrity Manager for Network Devices-NewMaintenance
01tWC00000DD1IJYA1,FIM-FIM-NRPS-FIMNDP,Perpetual,File Integrity Manager for Network Devices
01tWC00000DD1IKYA1,FIM-FIM-RRM-FIMNDR,Renewal Maintenance,File Integrity Manager for Network Devices-RenewalMaintenance
01tWC00000DD1INYA1,FIM-FIM-RNM-FIMPEP,New Maintenance,File Integrity Manager for POS End Point Systems-NewMaintenance
01tWC00000DD1IOYA1,FIM-FIM-NRPS-FIMPOE,Perpetual,File Integrity Manager for POS End Point Systems
01tWC00000DD1IPYA1,FIM-FIM-RRM-FIMPOR,Renewal Maintenance,File Integrity Manager for POS End Point Systems-RenewalMaintenance
01tWC00000DD1ISYA1,FIM-FIM-RNM-FIMPSN,New Maintenance,File Integrity Manager for POS Servers-NewMaintenance
01tWC00000DD1ITYA1,FIM-FIM-NRPS-FIMPSP,Perpetual,File Integrity Manager for POS Servers
01tWC00000DD1IUYA1,FIM-FIM-RRM-FIMPSR,Renewal Maintenance,File Integrity Manager for POS Servers-RenewalMaintenance
01tWC00000DD1IXYA1,FIM-FIM-NRPS-FIMSMA,Perpetual,File Integrity Manager for Small Stores (up to 5 FIM-FS)
01tWC00000DD1IYYA1,FIM-FIM-RRM-FIMSMS,Renewal Maintenance,File Integrity Manager for Small Stores (up to 5 FIM-FS)-RenewalMaintenance
01tWC00000DD1IdYAL,FIM-FIM-RNM-FIMVEN,New Maintenance,File Integrity Manager for VMware ESX-NewMaintenance
01tWC00000DD1IeYAL,FIM-FIM-NRPS-FIMVEP,Perpetual,File Integrity Manager for VMware ESX
01tWC00000DD1IfYAL,FIM-FIM-RRM-FIMVER,Renewal Maintenance,File Integrity Manager for VMware ESX-RenewalMaintenance
01tWC00000DD1JdYAL,FIM-FIM-RNM-FIMMNE,New Maintenance,"FIM for Mid-Size Stores w/ND & DB (up to 20 FS, 20 ND & 1 DB)-NewMaintenance"
01tWC00000DD1JeYAL,FIM-FIM-NRPS-FIMMPE,Perpetual,"FIM for Mid-Size Stores w/ND & DB (up to 20 FS, 20 ND & 1 DB)"
01tWC00000DD1JfYAL,FIM-FIM-RRM-FIMMRE,Renewal Maintenance,"FIM for Mid-Size Stores w/ND & DB (up to 20 FS, 20 ND & 1 DB)-RenewalMaintenance"
01tWC00000DD1V5YAL,FIM-FIM-RNM-PMDNM,New Maintenance,Policy Manager for Desktops-NewMaintenance
01tWC00000DD1V6YAL,FIM-FIM-NRPS-PMDP,Perpetual,Policy Manager for Desktops
01tWC00000DD1V7YAL,FIM-FIM-RRM-PMDRM,Renewal Maintenance,Policy Manager for Desktops-RenewalMaintenance
01tWC00000DD1VAYA1,FIM-FIM-RNM-PMFSNM,New Maintenance,Policy Manager for File Systems-NewMaintenance
01tWC00000DD1VBYA1,FIM-FIM-NRPS-PMFSP,Perpetual,Policy Manager for File Systems
01tWC00000DD1VCYA1,FIM-FIM-RRM-PMFSRM,Renewal Maintenance,Policy Manager for File Systems-RenewalMaintenance
01tWC00000DD1ZwYAL,FIM-FIM-NRPS-PMNDP,Perpetual,Policy Manager for Network Devices
01tWC00000DD1a1YAD,FIM-FIM-NRPS-PMPP,Perpetual,Policy Manager for POS End Point Systems
01tWC00000DD1a6YAD,FIM-FIM-NRPS-PMPSP,Perpetual,Policy Manager for POS Servers
01tWC00000DD1aAYAT,FIM-FIM-RNM-PMVENM,New Maintenance,Policy Manager for VMware ESX-NewMaintenance
01tWC00000DD1aBYAT,FIM-FIM-NRPS-PMVEP,Perpetual,Policy Manager for VMware ESX
01tWC00000DD1aCYAT,FIM-FIM-RRM-PMVERM,Renewal Maintenance,Policy Manager for VMware ESX-RenewalMaintenance
01tWC00000DD1bsYAD,PIA-PIA-RNM-PIAMBK,New Maintenance,Powertech Identity & Access Manager (BoKS)-NewMaintenance
01tWC00000DD1btYAD,PIA-PIA-NRPS-PIAP,Perpetual,Powertech Identity & Access Manager (BoKS)
01tWC00000DD1buYAD,PIA-PIA-RRM-PIAM,Renewal Maintenance,Powertech Identity & Access Manager (BoKS)-RenewalMaintenance
01tWC00000DD1gLYAT,FIM-FIM-RNM-TACWIN,New Maintenance,Tripwire App - Custom Workflow Integration for Nozomi - Utility-NewMaintenance
01tWC00000DD1gMYAT,FIM-FIM-NRPS-TRIPWI,Perpetual,Tripwire App - Custom Workflow Integration for Nozomi - Utility
01tWC00000DD1gNYAT,FIM-FIM-RRM-TACM,Renewal Maintenance,Tripwire App - Custom Workflow Integration for Nozomi - Utility-RenewalMaintenance
01tWC00000DD1hBYAT,FIM-FIM-RNM-TATBEU,New Maintenance,Tripwire App - Term Based Enterprise Utility License-NewMaintenance
01tWC00000DD1hCYAT,FIM-FIM-NRPS-TATP,Perpetual,Tripwire App - Term Based Enterprise Utility License
01tWC00000DD1hDYAT,FIM-FIM-RRM-TRATER,Renewal Maintenance,Tripwire App - Term Based Enterprise Utility License-RenewalMaintenance
01tWC00000DD1hJYAT,FIM-FIM-RNM-TCUUNM,New Maintenance,Tripwire CCM Unlimited Use-NewMaintenance
01tWC00000DD1hKYAT,FIM-FML-NRPS-TCUUP,Perpetual,Tripwire CCM Unlimited Use
01tWC00000DD1hLYAT,FIM-FIM-RRM-TCUURM,Renewal Maintenance,Tripwire CCM Unlimited Use-RenewalMaintenance
01tWC00000DD1hNYAT,FIM-FIM-RNM-TREN,New Maintenance,Tripwire Enterprise-NewMaintenance
01tWC00000DD1hOYAT,FIM-FIM-NRPS-TEP,Perpetual,Tripwire Enterprise
01tWC00000DD1hPYAT,FIM-FIM-RRM-TRIPWE,Renewal Maintenance,Tripwire Enterprise-RenewalMaintenance
01tWC00000DD1hUYAT,FIM-FIM-RNM-TECNM,New Maintenance,Tripwire Enterprise Console-NewMaintenance
01tWC00000DD1hWYAT,FIM-FIM-NRPS-TECP,Perpetual,Tripwire Enterprise Console
01tWC00000DD1hXYAT,FIM-FIM-RRM-TECRM,Renewal Maintenance,Tripwire Enterprise Console-RenewalMaintenance
01tWC00000DD1hZYAT,FIM-FIM-RNM-TEECNM,New Maintenance,Tripwire Enterprise Express Console-NewMaintenance
01tWC00000DD1haYAD,FIM-FIM-NRPS-TEECP,Perpetual,Tripwire Enterprise Express Console
01tWC00000DD1hbYAD,FIM-FIM-RRM-TEECRM,Renewal Maintenance,Tripwire Enterprise Express Console-RenewalMaintenance
01tWC00000DD1heYAD,FIM-FIM-RNM-TEDNM,New Maintenance,Tripwire Enterprise for Databases-NewMaintenance
01tWC00000DD1hfYAD,FIM-FIM-NRPS-TRDP,Perpetual,Tripwire Enterprise for Databases
01tWC00000DD1hgYAD,FIM-FIM-RRM-TEDRM,Renewal Maintenance,Tripwire Enterprise for Databases-RenewalMaintenance
01tWC00000DD1hlYAD,FIM-FIM-RNM-TEDM,New Maintenance,Tripwire Enterprise for Desktops-NewMaintenance
01tWC00000DD1hmYAD,FIM-FIM-NRPS-TRIPEN,Perpetual,Tripwire Enterprise for Desktops
01tWC00000DD1hnYAD,FIM-FIM-RRM-TRIENT,Renewal Maintenance,Tripwire Enterprise for Desktops-RenewalMaintenance
01tWC00000DD1hpYAD,FIM-FIM-RNM-TEDSNM,New Maintenance,Tripwire Enterprise for Directory Services-NewMaintenance
01tWC00000DD1hqYAD,FIM-FIM-NRPS-TEDSP,Perpetual,Tripwire Enterprise for Directory Services
01tWC00000DD1hrYAD,FIM-FIM-RRM-TEDSRM,Renewal Maintenance,Tripwire Enterprise for Directory Services-RenewalMaintenance
01tWC00000DD1hwYAD,FIM-FIM-RNM-TEFSNM,New Maintenance,Tripwire Enterprise for File Systems-NewMaintenance
01tWC00000DD1hxYAD,FIM-FIM-NRPS-TEFSP,Perpetual,Tripwire Enterprise for File Systems
01tWC00000DD1mdYAD,FIM-FIM-RNM-TEA,New Maintenance,TE Academic Institution Site License - Database-NewMaintenance
01tWC00000DD1meYAD,FIM-FIM-NRPS-TEACAD,Perpetual,TE Academic Institution Site License - Database
01tWC00000DD1mfYAD,FIM-FIM-RRM-TAIM,Renewal Maintenance,TE Academic Institution Site License - Database-RenewalMaintenance
01tWC00000DD1mgYAD,FIM-FIM-RNM-TEAC,New Maintenance,TE Academic Institution Site License - Desktop-NewMaintenance
01tWC00000DD1mhYAD,FIM-FIM-NRPS-TAIP,Perpetual,TE Academic Institution Site License - Desktop
01tWC00000DD1miYAD,FIM-FIM-RRM-TERM,Renewal Maintenance,TE Academic Institution Site License - Desktop-RenewalMaintenance
01tWC00000DD1moYAD,FIM-FIM-RNM-TELSUT,New Maintenance,Tripwire Enterprise for Large Stores (up to 75 FS)-NewMaintenance
01tWC00000DD1mpYAD,FIM-FIM-NRPS-TELP,Perpetual,Tripwire Enterprise for Large Stores (up to 75 FS)
01tWC00000DD1mqYAD,FIM-FIM-RRM-TELM,Renewal Maintenance,Tripwire Enterprise for Large Stores (up to 75 FS)-RenewalMaintenance
01tWC00000DD1mrYAD,FIM-FIM-RNM-TELSWN,New Maintenance,"Tripwire Enterprise for Large Stores w/ ND & DB (up to 75 FS, 75 ND & 1 DB)-NewMaintenance"
01tWC00000DD1msYAD,FIM-FIM-NRPS-TRENTE,Perpetual,"Tripwire Enterprise for Large Stores w/ ND & DB (up to 75 FS, 75 ND & 1 DB)"
01tWC00000DD1mtYAD,FIM-FIM-RRM-TENTER,Renewal Maintenance,"Tripwire Enterprise for Large Stores w/ ND & DB (up to 75 FS, 75 ND & 1 DB)-RenewalMaintenance"
01tWC00000DD1muYAD,FIM-FIM-RNM-TEMENM,New Maintenance,Tripwire Enterprise for Microsoft Exchange-NewMaintenance
01tWC00000DD1mvYAD,FIM-FIM-NRPS-TEMEP,Perpetual,Tripwire Enterprise for Microsoft Exchange
01tWC00000DD1mwYAD,FIM-FIM-RRM-TEMERM,Renewal Maintenance,Tripwire Enterprise for Microsoft Exchange-RenewalMaintenance
01tWC00000DD1n0YAD,FIM-FIM-RNM-TEMINM,New Maintenance,Tripwire Enterprise for Microsoft IIS-NewMaintenance
01tWC00000DD1n1YAD,FIM-FIM-NRPS-TEMIP,Perpetual,Tripwire Enterprise for Microsoft IIS
01tWC00000DD1n2YAD,FIM-FIM-RRM-TEMIRM,Renewal Maintenance,Tripwire Enterprise for Microsoft IIS-RenewalMaintenance
01tWC00000DD1n4YAD,FIM-FIM-RNM-TEMSSU,New Maintenance,Tripwire Enterprise for Mid-Size Stores (Up to 20 FS)-NewMaintenance
01tWC00000DD1n5YAD,FIM-FIM-NRPS-TEMP,Perpetual,Tripwire Enterprise for Mid-Size Stores (Up to 20 FS)
01tWC00000DD1n6YAD,FIM-FIM-RRM-TEMM,Renewal Maintenance,Tripwire Enterprise for Mid-Size Stores (Up to 20 FS)-RenewalMaintenance
01tWC00000DD1n7YAD,FIM-FIM-RNM-TEMSSW,New Maintenance,"Tripwire Enterprise for Mid-Size Stores w/ ND & DB (up to 20 FS, 20 ND & 1 DB)-NewMaintenance"
01tWC00000DD1n9YAD,FIM-FIM-NRPS-TRIPEM,Perpetual,"Tripwire Enterprise for Mid-Size Stores w/ ND & DB (up to 20 FS, 20 ND & 1 DB)"
01tWC00000DD1nAYAT,FIM-FIM-RRM-TRIENM,Renewal Maintenance,"Tripwire Enterprise for Mid-Size Stores w/ ND & DB (up to 20 FS, 20 ND & 1 DB)-RenewalMaintenance"
01tWC00000DD1nDYAT,FIM-FIM-RNM-TENDNM,New Maintenance,Tripwire Enterprise for Network Devices-NewMaintenance
01tWC00000DD1nEYAT,FIM-FIM-NRPS-TENDP,Perpetual,Tripwire Enterprise for Network Devices
01tWC00000DD1nFYAT,FIM-FIM-RRM-TENDRM,Renewal Maintenance,Tripwire Enterprise for Network Devices-RenewalMaintenance
01tWC00000DD1nIYAT,FIM-FIM-RNM-TEPM,New Maintenance,Tripwire Enterprise for POS End Point Systems-NewMaintenance
01tWC00000DD1nJYAT,FIM-FIM-NRPS-TEPP,Perpetual,Tripwire Enterprise for POS End Point Systems
01tWC00000DD1nKYAT,FIM-FIM-RRM-TRIPEP,Renewal Maintenance,Tripwire Enterprise for POS End Point Systems-RenewalMaintenance
01tWC00000DD1nNYAT,FIM-FIM-RNM-TEPSNM,New Maintenance,Tripwire Enterprise for POS Servers-NewMaintenance
01tWC00000DD1nOYAT,FIM-FIM-NRPS-TEPSP,Perpetual,Tripwire Enterprise for POS Servers
01tWC00000DD1nPYAT,FIM-FIM-RRM-TEPSRM,Renewal Maintenance,Tripwire Enterprise for POS Servers-RenewalMaintenance
01tWC00000DD1nRYAT,FIM-FIM-RNM-TESSUT,New Maintenance,Tripwire Enterprise for Small Stores (up to 5 FS)-NewMaintenance
01tWC00000DD1nSYAT,FIM-FIM-NRPS-TRFP,Perpetual,Tripwire Enterprise for Small Stores (up to 5 FS)
01tWC00000DD1nTYAT,FIM-FIM-RRM-TESM,Renewal Maintenance,Tripwire Enterprise for Small Stores (up to 5 FS)-RenewalMaintenance
01tWC00000DD1nUYAT,FIM-FIM-RNM-TESSWN,New Maintenance,"Tripwire Enterprise for Small Stores w/ ND & DB (up to 5 FS, 5 ND & 1 DB)-NewMaintenance"
01tWC00000DD1nVYAT,FIM-FIM-NRPS-TRIPES,Perpetual,"Tripwire Enterprise for Small Stores w/ ND & DB (up to 5 FS, 5 ND & 1 DB)"
01tWC00000DD1nWYAT,FIM-FIM-RRM-TRIENS,Renewal Maintenance,"Tripwire Enterprise for Small Stores w/ ND & DB (up to 5 FS, 5 ND & 1 DB)-RenewalMaintenance"
01tWC00000DD1nYYAT,FIM-FIM-NRPS-TEVEP,Perpetual,Tripwire Enterprise for VMware ESX
01tWC00000DD1nZYAT,FIM-FIM-RRM-TEVERM,Renewal Maintenance,Tripwire Enterprise for VMware ESX-RenewalMaintenance
01tWC00000DD1noYAD,FIM-FIM-RNM-TDNM,New Maintenance,Tripwire for Databases-NewMaintenance
01tWC00000DD1npYAD,FIM-FIM-NRPS-TDP,Perpetual,Tripwire for Databases
01tWC00000DD1nqYAD,FIM-FIM-RRM-TDRM,Renewal Maintenance,Tripwire for Databases-RenewalMaintenance
01tWC00000DD1nsYAD,FIM-FIM-RNM-TDSNM,New Maintenance,Tripwire for Directory Services-NewMaintenance
01tWC00000DD1ntYAD,FIM-FIM-NRPS-TDSP,Perpetual,Tripwire for Directory Services
01tWC00000DD1nuYAD,FIM-FIM-RRM-TDSRM,Renewal Maintenance,Tripwire for Directory Services-RenewalMaintenance
01tWC00000DD1o1YAD,FIM-FIM-RNM-TSNM,New Maintenance,Tripwire for Servers-NewMaintenance
01tWC00000DD1o2YAD,FIM-FML-NRPS-TSP,Perpetual,Tripwire for Servers
01tWC00000DD1o4YAD,FIM-FIM-RRM-TSRM,Renewal Maintenance,Tripwire for Servers-RenewalMaintenance
01tWC00000DD1oGYAT,FIM-FIM-RNM-TINTUU,New Maintenance,"Tripwire IP360 Non-transferable Unlimited Use (IP360, VnE-Ev, DP-Ev)-NewMaintenance"
01tWC00000DD1oHYAT,FIM-FML-NRPS-TINP,Perpetual,"Tripwire IP360 Non-transferable Unlimited Use (IP360, VnE-Ev, DP-Ev)"
01tWC00000DD1oIYAT,FIM-FML-RRM-TINM,Renewal Maintenance,"Tripwire IP360 Non-transferable Unlimited Use (IP360, VnE-Ev, DP-Ev)-RenewalMaintenance"
01tWC00000DD1oKYAT,FIM-TLC-RNM-TLCTBN,New Maintenance,Tripwire Log Center - Term Based-NewMaintenance
01tWC00000DD1oLYAT,FIM-TLC-NRPS-TLCTBP,Perpetual,Tripwire Log Center - Term Based
01tWC00000DD1oMYAT,FIM-TLC-RRM-TLCTBR,Renewal Maintenance,Tripwire Log Center - Term Based-RenewalMaintenance
01tWC00000DD1oQYAT,FIM-TLC-RNM-TLCM,New Maintenance,Tripwire Log Center Advanced Log Collector-NewMaintenance
01tWC00000DD1oSYAT,FIM-TLC-NRPS-TLCP,Perpetual,Tripwire Log Center Advanced Log Collector
01tWC00000DD1oTYAT,FIM-TLC-RRM-TRLO,Renewal Maintenance,Tripwire Log Center Advanced Log Collector-RenewalMaintenance
01tWC00000DD1oWYAT,FIM-TLC-RNM-TLCCNM,New Maintenance,Tripwire Log Center Console-NewMaintenance
01tWC00000DD1oXYAT,FIM-TLC-NRPS-TLCCP,Perpetual,Tripwire Log Center Console
01tWC00000DD1oYYAT,FIM-TLC-RRM-TLCCRM,Renewal Maintenance,Tripwire Log Center Console-RenewalMaintenance
01tWC00000DD1oiYAD,FIM-TLC-RNM-TLCDIA,New Maintenance,Tripwire Log Center for Desktops (includes Advanced Log Collector Agent)-NewMaintenance
01tWC00000DD1ojYAD,FIM-TLC-NRPS-TRILOG,Perpetual,Tripwire Log Center for Desktops (includes Advanced Log Collector Agent)
01tWC00000DD1okYAD,FIM-TLC-RRM-TRLOG,Renewal Maintenance,Tripwire Log Center for Desktops (includes Advanced Log Collector Agent)-RenewalMaintenance
01tWC00000DD1omYAD,FIM-TLC-RNM-TLCDSI,New Maintenance,Tripwire Log Center for Directory Services (includes Advanced Log Collector Agent)-NewMaintenance
01tWC00000DD1onYAD,FIM-TLC-NRPS-TLOG,Perpetual,Tripwire Log Center for Directory Services (includes Advanced Log Collector Agent)
01tWC00000DD1ooYAD,FIM-TLC-RRM-TRIPLC,Renewal Maintenance,Tripwire Log Center for Directory Services (includes Advanced Log Collector Agent)-RenewalMaintenance
01tWC00000DD1otYAD,FIM-FIM-NRPS-VEMEEP,Perpetual,VnE Manager Ev Express
01tWC00000DD1ouYAD,FIM-FIM-RRM-VEMEER,Renewal Maintenance,VnE Manager Ev Express-RenewalMaintenance
01tWC00000DD1ozYAD,FIM-TLC-RNM-TLCFSN,New Maintenance,Tripwire Log Center for File Systems-NewMaintenance
01tWC00000DD1p0YAD,FIM-TLC-NRPS-TLCFSP,Perpetual,Tripwire Log Center for File Systems
01tWC00000DD1p1YAD,FIM-TLC-RRM-TLCFSR,Renewal Maintenance,Tripwire Log Center for File Systems-RenewalMaintenance
01tWC00000DD1p2YAD,FIM-TLC-RNM-TLCIEN,New Maintenance,Tripwire Log Center for Industrial Environments-NewMaintenance
01tWC00000DD1p3YAD,FIM-TLC-NRPS-TLCIEP,Perpetual,Tripwire Log Center for Industrial Environments
01tWC00000DD1p4YAD,FIM-TLC-RRM-TLCIER,Renewal Maintenance,Tripwire Log Center for Industrial Environments-RenewalMaintenance
01tWC00000DD1pGYAT,FIM-TLC-RNM-TLCMII,New Maintenance,Tripwire Log Center for Microsoft IIS (includes Advanced Log Collector Agent)-NewMaintenance
01tWC00000DD1pHYAT,FIM-TLC-NRPS-TRLOCM,Perpetual,Tripwire Log Center for Microsoft IIS (includes Advanced Log Collector Agent)
01tWC00000DD1pIYAT,FIM-TLC-RRM-TRLCEM,Renewal Maintenance,Tripwire Log Center for Microsoft IIS (includes Advanced Log Collector Agent)-RenewalMaintenance
01tWC00000DD1pMYAT,FIM-TLC-RNM-TLCNDN,New Maintenance,Tripwire Log Center for Network Devices-NewMaintenance
01tWC00000DD1pNYAT,FIM-TLC-NRPS-TLCNDP,Perpetual,Tripwire Log Center for Network Devices
01tWC00000DD1pOYAT,FIM-TLC-RRM-TLCNDR,Renewal Maintenance,Tripwire Log Center for Network Devices-RenewalMaintenance
01tWC00000DD1pPYAT,FIM-TLC-RNM-TLCNDI,New Maintenance,Tripwire Log Center for Network Devices (includes Remote Collector)-NewMaintenance
01tWC00000DD1pQYAT,FIM-TLC-NRPS-TRLOCN,Perpetual,Tripwire Log Center for Network Devices (includes Remote Collector)
01tWC00000DD1pRYAT,FIM-TLC-RRM-TLOCNE,Renewal Maintenance,Tripwire Log Center for Network Devices (includes Remote Collector)-RenewalMaintenance
01tWC00000DD1pTYAT,FIM-TLC-RNM-TLCPEP,New Maintenance,Tripwire Log Center for POS End Point Systems (includes Advanced Log Collector Agent)-NewMaintenance
01tWC00000DD1pUYAT,FIM-TLC-NRPS-TRLOCP,Perpetual,Tripwire Log Center for POS End Point Systems (includes Advanced Log Collector Agent)
01tWC00000DD1pVYAT,FIM-TLC-RRM-TRLCEP,Renewal Maintenance,Tripwire Log Center for POS End Point Systems (includes Advanced Log Collector Agent)-RenewalMaintenance
01tWC00000DD1pXYAT,FIM-TLC-RNM-TLCPSI,New Maintenance,Tripwire Log Center for POS Servers (includes Advanced Log Collector Agent)-NewMaintenance
01tWC00000DD1pYYAT,FIM-TLC-NRPS-TLOCPO,Perpetual,Tripwire Log Center for POS Servers (includes Advanced Log Collector Agent)
01tWC00000DD1pZYAT,FIM-TLC-RRM-TRLCPS,Renewal Maintenance,Tripwire Log Center for POS Servers (includes Advanced Log Collector Agent)-RenewalMaintenance
01tWC00000DD1pdYAD,FIM-TLC-RNM-TLCSDN,New Maintenance,Tripwire Log Center for Security Devices-NewMaintenance
01tWC00000DD1peYAD,FIM-TLC-NRPS-TLCSDP,Perpetual,Tripwire Log Center for Security Devices
01tWC00000DD1pfYAD,FIM-TLC-RRM-TLCSDR,Renewal Maintenance,Tripwire Log Center for Security Devices-RenewalMaintenance
01tWC00000DD1pgYAD,FIM-TLC-RNM-TLCVEI,New Maintenance,Tripwire Log Center for VMware ESX (includes Advanced Log Collector Agent)-NewMaintenance
01tWC00000DD1phYAD,FIM-TLC-NRPS-TRLOCV,Perpetual,Tripwire Log Center for VMware ESX (includes Advanced Log Collector Agent)
01tWC00000DD1piYAD,FIM-TLC-RRM-TRLCEV,Renewal Maintenance,Tripwire Log Center for VMware ESX (includes Advanced Log Collector Agent)-RenewalMaintenance
01tWC00000DD1pjYAD,FIM-TLC-RNM-TLOCEV,New Maintenance,Tripwire Log Center for VMware ESX (includes Remote Collector)-NewMaintenance
01tWC00000DD1pkYAD,FIM-TLC-NRPS-TLOCVM,Perpetual,Tripwire Log Center for VMware ESX (includes Remote Collector)
01tWC00000DD1plYAD,FIM-TLC-RRM-TRLCVE,Renewal Maintenance,Tripwire Log Center for VMware ESX (includes Remote Collector)-RenewalMaintenance
01tWC00000DD1ppYAD,FIM-TLC-RNM-TLCMNM,New Maintenance,Tripwire Log Center Manager-NewMaintenance
01tWC00000DD1prYAD,FIM-TLC-NRPS-TLCMP,Perpetual,Tripwire Log Center Manager
01tWC00000DD1ptYAD,FIM-TLC-RRM-TLCMRM,Renewal Maintenance,Tripwire Log Center Manager-RenewalMaintenance
01tWC00000DD1tHYAT,FIM-TLC-RNM-TLCMLN,New Maintenance,Tripwire Log Center Manager License-NewMaintenance
01tWC00000DD1tIYAT,FIM-TLC-NRPS-TLCMLP,Perpetual,Tripwire Log Center Manager License
01tWC00000DD1tJYAT,FIM-TLC-RRM-TLCMLR,Renewal Maintenance,Tripwire Log Center Manager License-RenewalMaintenance
01tWC00000DD1tKYAT,FIM-TLC-RNM-TLCRLC,New Maintenance,Tripwire Log Center Remote Log Collector-NewMaintenance
01tWC00000DD1tLYAT,FIM-TLC-NRPS-TRLOCR,Perpetual,Tripwire Log Center Remote Log Collector
01tWC00000DD1tMYAT,FIM-TLC-RRM-TRLCER,Renewal Maintenance,Tripwire Log Center Remote Log Collector-RenewalMaintenance
01tWC00000DD1tQYAT,FIM-FIM-RNM-TMNM,New Maintenance,Tripwire Manager-NewMaintenance
01tWC00000DD1tRYAT,FIM-FML-NRPS-TMP,Perpetual,Tripwire Manager
01tWC00000DD1tSYAT,FIM-FIM-RRM-TMRM,Renewal Maintenance,Tripwire Manager-RenewalMaintenance
01tWC00000DD1tYYAT,FIM-FIM-RNM-TSANM,New Maintenance,Tripwire State Analyzer-NewMaintenance
01tWC00000DD1tZYAT,FIM-FIM-NRPS-TSAP,Perpetual,Tripwire State Analyzer
01tWC00000DD1taYAD,FIM-FIM-RRM-TSARM,Renewal Maintenance,Tripwire State Analyzer-RenewalMaintenance
01tWC00000DD1tcYAD,FIM-FIM-RNM-TSAENM,New Maintenance,Tripwire State Analyzer Express-NewMaintenance
01tWC00000DD1tdYAD,FIM-FIM-NRPS-TRST,Perpetual,Tripwire State Analyzer Express
01tWC00000DD1tfYAD,FIM-FIM-RRM-TSAERM,Renewal Maintenance,Tripwire State Analyzer Express-RenewalMaintenance
01tWC00000DD20bYAD,FIM-FIM-RRM-IERM,Renewal Maintenance,IP360 - EVAL-RenewalMaintenance
01tWC00000DD20cYAD,FIM-FIM-RNM-IENM,New Maintenance,IP360 - EVAL-NewMaintenance
01tWC00000DD222YAD,FIM-FIM-RRM-TTBELRM,Renewal Maintenance,Tripwire - Term Based Enterprise License-RenewalMaintenance
01tWC00000FBYsBYAX,FIM-FIM-RNM-CCMNDN-TECH,New Maintenance,CCM for Network Devices (Technical)-NewMaintenance
01tWC00000FBYsCYAX,FIM-FIM-RRM-CCMNDR-TECH,Renewal Maintenance,CCM for Network Devices (Technical)-RenewalMaintenance
01tWC00000FBYsFYAX,FIM-FIM-RNM-CCMSNM-TECH,New Maintenance,CCM for Servers (Technical)-NewMaintenance
01tWC00000FBYsGYAX,FIM-FIM-RRM-CCMSRM-TECH,Renewal Maintenance,CCM for Servers (Technical)-RenewalMaintenance
01tWC00000FBZZ7YAP,FIM-FIM-RNM-PMNDNM-TECH,New Maintenance,Policy Manager for Network Devices (Technical)-NewMaintenance
01tWC00000FBZZ9YAP,FIM-FIM-RRM-PMNDRM-TECH,Renewal Maintenance,Policy Manager for Network Devices (Technical)-RenewalMaintenance
01tWC00000FBZZCYA5,FIM-FIM-RNM-POLICY-TECH,New Maintenance,Policy Manager for POS End Point Systems (Technical)-NewMaintenance
01tWC00000FBZZEYA5,FIM-FIM-RRM-PMPM-TECH,Renewal Maintenance,Policy Manager for POS End Point Systems (Technical)-RenewalMaintenance
01tWC00000FBZZHYA5,FIM-FIM-RNM-PMPSNM-TECH,New Maintenance,Policy Manager for POS Servers (Technical)-NewMaintenance
01tWC00000FBZZJYA5,FIM-FIM-RRM-PMPSRM-TECH,Renewal Maintenance,Policy Manager for POS Servers (Technical)-RenewalMaintenance
01tWC00000IAluiYAD,ZZ_E2E_RCA_20260613,,ZZ_E2E_RCA_20260613 Test Product
01tWC00000IAqPbYAL,ZZ_E2E_RCA_20260613-SRC,,ZZ_E2E_RCA_20260613 Source Product
