Id,Fortra_Product_Type__c,Source_List_Price__c,Base_Price__c,NetUnitPrice,Quantity
0QLWC000002Phzu4AC,Software,,,42,1
0QLWC000003DGyV4AW,Renewal Maintenance,,,,1
0QLWC000003DGyW4AW,Renewal Maintenance,,,,1
0QLWC000003DGyX4AW,Renewal Maintenance,,,,1
0QLWC000003DGyY4AW,Renewal Maintenance,,,,1
0QLWC000003DGyd4AG,Renewal Maintenance,,,,1
0QLWC000003DGye4AG,Renewal Maintenance,,,,1
0QLWC000003DGyf4AG,Renewal Maintenance,,,,1
0QLWC000003DGyg4AG,Renewal Maintenance,,,,1
0QLWC000003DGyh4AG,Renewal Maintenance,,,,1
0QLWC000003DGyi4AG,Renewal Maintenance,,,,1
0QLWC000003DGyn4AG,Renewal Maintenance,,,,1
0QLWC000003DGyo4AG,Renewal Maintenance,,,,1
0QLWC000003DGyp4AG,Renewal Maintenance,,,,1
0QLWC000003DGyq4AG,Renewal Maintenance,,,,1
0QLWC000003DH1A4AW,New Maintenance,,,,1
0QLWC000003DH1B4AW,New Maintenance,,,,1
0QLWC000003DH1E4AW,New Maintenance,,,,1
0QLWC000003DH1F4AW,New Maintenance,,,,1
0QLWC000003DH1I4AW,New Maintenance,,,,1
0QLWC000003DH424AG,Renewal Maintenance,,,,1
0QLWC000003DH434AG,Renewal Maintenance,,,,1
0QLWC000003DH444AG,Renewal Maintenance,,,,1
0QLWC000003DH454AG,Renewal Maintenance,,,,1
0QLWC000003DH464AG,Renewal Maintenance,,,,1
0QLWC000003DH474AG,Renewal Maintenance,,,,1
0QLWC000003DH484AG,Renewal Maintenance,,,,1
0QLWC000003DH494AG,Renewal Maintenance,,,,1
0QLWC000003DH4A4AW,Renewal Maintenance,,,,1
0QLWC000003DH4B4AW,Renewal Maintenance,,,,1
0QLWC000003DH4C4AW,Renewal Maintenance,,,,1
0QLWC000003DH4D4AW,Renewal Maintenance,,,,1
0QLWC000003DH4E4AW,Renewal Maintenance,,,,1
0QLWC000003DH4V4AW,Renewal Maintenance,,,,1
0QLWC000003DH4W4AW,Renewal Maintenance,,,,1
0QLWC000003DHDQ4A4,New Maintenance,,,,1
0QLWC000003DHDT4A4,New Maintenance,,,,1
0QLWC000003DHDU4A4,New Maintenance,,,,1
0QLWC000003DHDX4A4,New Maintenance,,,,1
0QLWC000003DHDZ4A4,New Maintenance,,,,1
0QLWC000003DHDb4AO,New Maintenance,,,,1
0QLWC000003DHDd4AO,New Maintenance,,,,1
0QLWC000003DHDf4AO,New Maintenance,,,,1
0QLWC000003DHDh4AO,New Maintenance,,,,1
0QLWC000003DHDj4AO,New Maintenance,,,,1
0QLWC000003DHDl4AO,New Maintenance,,,,1
0QLWC000003DHDo4AO,New Maintenance,,,,1
0QLWC000003DHDq4AO,New Maintenance,,,,1
0QLWC000003DHDt4AO,New Maintenance,,,,1
0QLWC000003DHDw4AO,New Maintenance,,,,1
0QLWC000003DHDy4AO,New Maintenance,,,,1
0QLWC000003DHE04AO,New Maintenance,,,,1
0QLWC000003DHE24AO,New Maintenance,,,,1
0QLWC000003DHE44AO,New Maintenance,,,,1
0QLWC000003DHE64AO,New Maintenance,,,,1
0QLWC000003DHcS4AW,New Maintenance,,,,1
0QLWC000003DHcY4AW,New Maintenance,,,,1
0QLWC000003DHcZ4AW,New Maintenance,,,,1
0QLWC000003DHca4AG,New Maintenance,,,,1
0QLWC000003DHcb4AG,New Maintenance,,,,1
0QLWC000003DHcc4AG,New Maintenance,,,,1
0QLWC000003DHce4AG,New Maintenance,,,,1
0QLWC000003DHck4AG,New Maintenance,,,,1
0QLWC000003DHcl4AG,New Maintenance,,,,1
0QLWC000003DHcm4AG,New Maintenance,,,,1
0QLWC000003DHcn4AG,New Maintenance,,,,1
0QLWC000003DHco4AG,New Maintenance,,,,1
0QLWC000003DHcq4AG,New Maintenance,,,,1
0QLWC000003DHcx4AG,New Maintenance,,,,1
0QLWC000003DHcz4AG,New Maintenance,,,,1
0QLWC000003DHd14AG,New Maintenance,,,,1
0QLWC000003DHd34AG,New Maintenance,,,,1
0QLWC000003DHd44AG,New Maintenance,,,,1
0QLWC000003DHea4AG,Renewal Maintenance,,,,1
0QLWC000003DHeb4AG,Renewal Maintenance,,,,1
0QLWC000003DHec4AG,Renewal Maintenance,,,,1
0QLWC000003DHed4AG,Renewal Maintenance,,,,1
0QLWC000003DHee4AG,Renewal Maintenance,,,,1
0QLWC000003DHef4AG,Renewal Maintenance,,,,1
0QLWC000003DHeg4AG,Renewal Maintenance,,,,1
0QLWC000003DHeh4AG,Renewal Maintenance,,,,1
0QLWC000003DU8L4AW,Renewal Maintenance,,,,1
0QLWC000003DU8M4AW,Renewal Maintenance,,,,1
0QLWC000003DU8N4AW,Renewal Maintenance,,,,1
0QLWC000003DU8O4AW,Renewal Maintenance,,,,1
0QLWC000003DU8P4AW,Renewal Maintenance,,,,1
0QLWC000003DU8Q4AW,Renewal Maintenance,,,,1
0QLWC000003DU9q4AG,New Maintenance,,,,2
0QLWC000003DU9r4AG,New Maintenance,,,,2
0QLWC000003DU9s4AG,New Maintenance,,,,5
0QLWC000003DU9t4AG,New Maintenance,,,,5
0QLWC000003DUA24AO,New Maintenance,,,,2
0QLWC000003DUA34AO,New Maintenance,,,,5
0QLWC000003DUA64AO,New Maintenance,,,,2
0QLWC000003DUA74AO,New Maintenance,,,,1
0QLWC000003DUA84AO,New Maintenance,,,,1
0QLWC000003DUA94AO,New Maintenance,,,,1
0QLWC000003DUAA4A4,Renewal Maintenance,,,,1
0QLWC000003DUAB4A4,Renewal Maintenance,,,,1
0QLWC000003DUAC4A4,Renewal Maintenance,,,,1
0QLWC000003DUAD4A4,Renewal Maintenance,,,,1
0QLWC000003DUAE4A4,Renewal Maintenance,,,,1
0QLWC000003DUAF4A4,Renewal Maintenance,,,,1
0QLWC000003DUAG4A4,Renewal Maintenance,,,,1
0QLWC000003DUAH4A4,Renewal Maintenance,,,,1
0QLWC000003DUAI4A4,Renewal Maintenance,,,,1
0QLWC000003DUAa4AO,Renewal Maintenance,,,,1
0QLWC000003DUAb4AO,Renewal Maintenance,,,,1
0QLWC000003DUAc4AO,Renewal Maintenance,,,,1
0QLWC000003DUAd4AO,Renewal Maintenance,,,,1
0QLWC000003DUAe4AO,Renewal Maintenance,,,,1
0QLWC000003DUAf4AO,Renewal Maintenance,,,,1
0QLWC000003DUAg4AO,Renewal Maintenance,,,,1
0QLWC000003DUAh4AO,Renewal Maintenance,,,,1
0QLWC000003DUAi4AO,Renewal Maintenance,,,,1
0QLWC000003DUa94AG,Renewal Maintenance,,,,1
0QLWC000003DUaA4AW,Renewal Maintenance,,,,1
0QLWC000003DUaB4AW,Renewal Maintenance,,,,1
0QLWC000003DUaC4AW,Renewal Maintenance,,,,1
0QLWC000003DUaD4AW,Renewal Maintenance,,,,1
0QLWC000003DUaE4AW,Renewal Maintenance,,,,1
0QLWC000003DUaF4AW,Renewal Maintenance,,,,1
0QLWC000003DUaG4AW,Renewal Maintenance,,,,1
0QLWC000003DUaH4AW,Renewal Maintenance,,,,1
0QLWC000003DUaa4AG,Renewal Maintenance,,,,1
0QLWC000003DUab4AG,Renewal Maintenance,,,,1
0QLWC000003DUac4AG,Renewal Maintenance,,,,1
0QLWC000003DUad4AG,Renewal Maintenance,,,,1
0QLWC000003DUae4AG,Renewal Maintenance,,,,1
0QLWC000003DUaf4AG,Renewal Maintenance,,,,1
0QLWC000003DUag4AG,Renewal Maintenance,,,,1
0QLWC000003DUah4AG,Renewal Maintenance,,,,1
0QLWC000003DUai4AG,Renewal Maintenance,,,,1
0QLWC000003DgYE4A0,Renewal Maintenance,,,,1
0QLWC000003DgYF4A0,Renewal Maintenance,,,,1
0QLWC000003DgYG4A0,Renewal Maintenance,,,,1
0QLWC000003DgYH4A0,Renewal Maintenance,,,,1
0QLWC000003DgYI4A0,Renewal Maintenance,,,,1
0QLWC000003DgYJ4A0,Renewal Maintenance,,,,1
0QLWC000003DgYK4A0,Renewal Maintenance,,,,1
0QLWC000003DgYL4A0,Renewal Maintenance,,,,1
0QLWC000003DgYM4A0,Renewal Maintenance,,,,1
0QLWC000003DgYN4A0,Renewal Maintenance,,,,1
0QLWC000003DgYO4A0,Renewal Maintenance,,,,1
0QLWC000003DgYP4A0,Renewal Maintenance,,,,1
0QLWC000003DgYQ4A0,Renewal Maintenance,,,,1
0QLWC000003DgYR4A0,Renewal Maintenance,,,,1
0QLWC000003DgYS4A0,Renewal Maintenance,,,,1
0QLWC000003DgYT4A0,Renewal Maintenance,,,,1
0QLWC000003DgYU4A0,Renewal Maintenance,,,,1
0QLWC000003DgYV4A0,Renewal Maintenance,,,,1
0QLWC000003DgYW4A0,Renewal Maintenance,,,,1
0QLWC000003DgYX4A0,Renewal Maintenance,,,,1
0QLWC000003DgYY4A0,Renewal Maintenance,,,,1
0QLWC000003DgYZ4A0,Renewal Maintenance,,,,1
0QLWC000003DgYd4AK,Renewal Maintenance,,,,1
0QLWC000003DgYe4AK,Renewal Maintenance,,,,1
0QLWC000003DgYf4AK,Renewal Maintenance,,,,1
0QLWC000003DgYg4AK,Renewal Maintenance,,,,1
0QLWC000003DgYh4AK,Renewal Maintenance,,,,1
0QLWC000003DgYi4AK,Renewal Maintenance,,,,1
0QLWC000003DgYj4AK,Renewal Maintenance,,,,1
0QLWC000003DgYk4AK,Renewal Maintenance,,,,1
0QLWC000003DgYl4AK,Renewal Maintenance,,,,1
0QLWC000003DgZH4A0,New Maintenance,,,,1
0QLWC000003DgZI4A0,New Maintenance,,,,1
0QLWC000003Dgz84AC,New Maintenance,,,,1
0QLWC000003DgzA4AS,New Maintenance,,,,1
0QLWC000003DgzG4AS,New Maintenance,,,,1
0QLWC000003DgzI4AS,New Maintenance,,,,1
0QLWC000003Dh2D4AS,Renewal Maintenance,,,,1
0QLWC000003Dh2E4AS,Renewal Maintenance,,,,1
0QLWC000003Dh2F4AS,Renewal Maintenance,,,,1
0QLWC000003Dh2G4AS,Renewal Maintenance,,,,1
0QLWC000003Dh2H4AS,Renewal Maintenance,,,,1
0QLWC000003Dh2I4AS,New Maintenance,,,,1
0QLWC000003Dh2J4AS,Renewal Maintenance,,,,1
0QLWC000003Dh2K4AS,Renewal Maintenance,,,,1
0QLWC000003Dh2L4AS,Renewal Maintenance,,,,1
0QLWC000003Dh2M4AS,Renewal Maintenance,,,,1
0QLWC000003Dh2N4AS,Renewal Maintenance,,,,1
0QLWC000003Dh2O4AS,Renewal Maintenance,,,,1
0QLWC000003Dh2R4AS,New Maintenance,,,,1
0QLWC000003Dh2T4AS,New Maintenance,,,,1
0QLWC000003Dh2p4AC,New Maintenance,,,,1
0QLWC000003Dh2q4AC,New Maintenance,,,,1
0QLWC000003Dh2r4AC,New Maintenance,,,,1
0QLWC000003Dh2s4AC,New Maintenance,,,,1
0QLWC000003Dh2t4AC,New Maintenance,,,,1
0QLWC000003Dh2u4AC,New Maintenance,,,,1
0QLWC000003Dh2v4AC,New Maintenance,,,,1
0QLWC000003Dh2w4AC,New Maintenance,,,,1
0QLWC000003Dh2y4AC,New Maintenance,,,,1
0QLWC000003Dh2z4AC,New Maintenance,,,,1
0QLWC000003Dh304AC,New Maintenance,,,,1
0QLWC000003Dh314AC,New Maintenance,,,,1
0QLWC000003Dh324AC,New Maintenance,,,,1
0QLWC000003Dh334AC,New Maintenance,,,,1
0QLWC000003Dh344AC,New Maintenance,,,,1
0QLWC000003Dh354AC,New Maintenance,,,,1
0QLWC000003Dh364AC,New Maintenance,,,,1
0QLWC000003Dh374AC,New Maintenance,,,,1
0QLWC000003Dh394AC,New Maintenance,,,,1
0QLWC000003Dh3A4AS,New Maintenance,,,,1
0QLWC000003Dh3C4AS,New Maintenance,,,,1
0QLWC000003Dh3F4AS,New Maintenance,,,,1
0QLWC000003Dh3I4AS,New Maintenance,,,,1
0QLWC000003Dh3K4AS,New Maintenance,,,,1
0QLWC000003Dh3M4AS,New Maintenance,,,,1
0QLWC000003Dh3O4AS,New Maintenance,,,,1
0QLWC000003Dh3Q4AS,New Maintenance,,,,1
0QLWC000003Dh3S4AS,New Maintenance,,,,1
0QLWC000003Dh3U4AS,New Maintenance,,,,1
0QLWC000003Dh3W4AS,New Maintenance,,,,1
0QLWC000003Dh3Z4AS,New Maintenance,,,,1
0QLWC000003Dh3b4AC,New Maintenance,,,,1
0QLWC000003Dh3d4AC,New Maintenance,,,,1
0QLWC000003Dh3f4AC,New Maintenance,,,,1
0QLWC000003Dh3h4AC,New Maintenance,,,,1
0QLWC000003Dh3j4AC,New Maintenance,,,,1
0QLWC000003Dh3l4AC,New Maintenance,,,,1
0QLWC000003Dh3n4AC,New Maintenance,,,,1
0QLWC000003Dh3p4AC,New Maintenance,,,,1
0QLWC000003Dh3r4AC,New Maintenance,,,,1
0QLWC000003Dh3u4AC,New Maintenance,,,,1
0QLWC000003Dh3w4AC,New Maintenance,,,,1
0QLWC000003Dh5c4AC,New Maintenance,,,,1
0QLWC000003Dh5d4AC,New Maintenance,,,,1
0QLWC000003Dh5i4AC,New Maintenance,,,,1
0QLWC000003Dh5j4AC,New Maintenance,,,,1
0QLWC000003Dh5k4AC,New Maintenance,,,,1
0QLWC000003Dh5l4AC,New Maintenance,,,,1
0QLWC000003Dh5n4AC,New Maintenance,,,,1
0QLWC000003Dh5q4AC,New Maintenance,,,,1
0QLWC000003Dh5r4AC,New Maintenance,,,,1
0QLWC000003Dh5s4AC,Renewal Maintenance,,,,1
0QLWC000003Dh5t4AC,Renewal Maintenance,,,,1
0QLWC000003Dh5u4AC,Renewal Maintenance,,,,1
0QLWC000003Dh5v4AC,Renewal Maintenance,,,,1
0QLWC000003Dh5w4AC,Renewal Maintenance,,,,1
0QLWC000003Dh5x4AC,Renewal Maintenance,,,,1
0QLWC000003Dh5y4AC,Renewal Maintenance,,,,1
0QLWC000003Dh5z4AC,Renewal Maintenance,,,,1
0QLWC000003Dh604AC,Renewal Maintenance,,,,1
0QLWC000003Dh614AC,Renewal Maintenance,,,,1
0QLWC000003Dh624AC,Renewal Maintenance,,,,1
0QLWC000003Dh634AC,Renewal Maintenance,,,,1
0QLWC000003Dh6q4AC,Renewal Maintenance,,,,1
0QLWC000003Dh6r4AC,Renewal Maintenance,,,,1
0QLWC000003Dh6s4AC,Renewal Maintenance,,,,1
0QLWC000003Dh6t4AC,Renewal Maintenance,,,,1
0QLWC000003Dh6u4AC,Renewal Maintenance,,,,1
0QLWC000003Dh7A4AS,New Maintenance,,,,1
0QLWC000003Dh7B4AS,New Maintenance,,,,1
0QLWC000003Dh7C4AS,New Maintenance,,,,1
0QLWC000003Dh7E4AS,New Maintenance,,,,1
0QLWC000003Dh7G4AS,New Maintenance,,,,1
0QLWC000003Dh7I4AS,New Maintenance,,,,1
0QLWC000003Dh7K4AS,New Maintenance,,,,1
0QLWC000003Dh7L4AS,New Maintenance,,,,1
0QLWC000003DhBt4AK,Renewal Maintenance,,,,1
0QLWC000003DhBu4AK,Renewal Maintenance,,,,1
0QLWC000003DhBv4AK,Renewal Maintenance,,,,1
0QLWC000003DhBw4AK,Renewal Maintenance,,,,1
0QLWC000003DhBx4AK,Renewal Maintenance,,,,1
0QLWC000003DhBy4AK,Renewal Maintenance,,,,1
0QLWC000003DhBz4AK,Renewal Maintenance,,,,1
0QLWC000003DhC04AK,Renewal Maintenance,,,,1
0QLWC000003DhC14AK,Renewal Maintenance,,,,1
0QLWC000003DhC24AK,Renewal Maintenance,,,,1
0QLWC000003DhC34AK,Renewal Maintenance,,,,1
0QLWC000003DhC44AK,Renewal Maintenance,,,,1
0QLWC000003DhC54AK,Renewal Maintenance,,,,1
0QLWC000003DhC64AK,Renewal Maintenance,,,,1
0QLWC000003DhC74AK,Renewal Maintenance,,,,1
0QLWC000003DhC84AK,Renewal Maintenance,,,,1
0QLWC000003DhC94AK,Renewal Maintenance,,,,1
0QLWC000003DhCA4A0,Renewal Maintenance,,,,1
0QLWC000003DhCB4A0,Renewal Maintenance,,,,1
0QLWC000003DhCC4A0,Renewal Maintenance,,,,1
0QLWC000003DhCD4A0,Renewal Maintenance,,,,1
0QLWC000003DhDX4A0,Renewal Maintenance,,,,1
0QLWC000003DhDY4A0,Renewal Maintenance,,,,1
0QLWC000003DhDZ4A0,Renewal Maintenance,,,,1
0QLWC000003DhDa4AK,Renewal Maintenance,,,,1
0QLWC000003DhDb4AK,Renewal Maintenance,,,,1
0QLWC000003DhDc4AK,Renewal Maintenance,,,,1
0QLWC000003DhDd4AK,Renewal Maintenance,,,,1
0QLWC000003DhDe4AK,Renewal Maintenance,,,,1
0QLWC000003DhDf4AK,Renewal Maintenance,,,,1
0QLWC000003DhDg4AK,Renewal Maintenance,,,,1
0QLWC000003DhDh4AK,Renewal Maintenance,,,,1
0QLWC000003DhDi4AK,Renewal Maintenance,,,,1
0QLWC000003DhDj4AK,Renewal Maintenance,,,,1
0QLWC000003DhDk4AK,Renewal Maintenance,,,,1
0QLWC000003DhDl4AK,Renewal Maintenance,,,,1
0QLWC000003DhDm4AK,Renewal Maintenance,,,,1
0QLWC000003DhDn4AK,Renewal Maintenance,,,,1
0QLWC000003DhDo4AK,Renewal Maintenance,,,,1
0QLWC000003DhDp4AK,Renewal Maintenance,,,,1
0QLWC000003DhDq4AK,Renewal Maintenance,,,,1
0QLWC000003DhDr4AK,Renewal Maintenance,,,,1
0QLWC000003DhDs4AK,Renewal Maintenance,,,,1
0QLWC000003DhDt4AK,Renewal Maintenance,,,,1
0QLWC000003DhDu4AK,Renewal Maintenance,,,,1
0QLWC000003DhDv4AK,Renewal Maintenance,,,,1
0QLWC000003DhDw4AK,Renewal Maintenance,,,,1
0QLWC000003DhDx4AK,Renewal Maintenance,,,,1
0QLWC000003DhDy4AK,Renewal Maintenance,,,,1
0QLWC000003DhDz4AK,Renewal Maintenance,,,,1
0QLWC000003DhE04AK,Renewal Maintenance,,,,1
0QLWC000003DhE14AK,Renewal Maintenance,,,,1
0QLWC000003DhE24AK,Renewal Maintenance,,,,1
0QLWC000003DhE34AK,Renewal Maintenance,,,,1
0QLWC000003DhE44AK,Renewal Maintenance,,,,1
0QLWC000003DhE54AK,Renewal Maintenance,,,,1
0QLWC000003DhE64AK,Renewal Maintenance,,,,1
0QLWC000003DhE74AK,Renewal Maintenance,,,,1
0QLWC000003DhE84AK,Renewal Maintenance,,,,1
0QLWC000003DhE94AK,Renewal Maintenance,,,,1
0QLWC000003DhEA4A0,Renewal Maintenance,,,,1
0QLWC000003DhEB4A0,Renewal Maintenance,,,,1
0QLWC000003DhEC4A0,Renewal Maintenance,,,,1
0QLWC000003DhED4A0,Renewal Maintenance,,,,1
0QLWC000003DhEE4A0,Renewal Maintenance,,,,1
0QLWC000003DhEF4A0,Renewal Maintenance,,,,1
0QLWC000003DhEG4A0,Renewal Maintenance,,,,1
0QLWC000003DhEH4A0,Renewal Maintenance,,,,1
0QLWC000003DhEI4A0,Renewal Maintenance,,,,1
0QLWC000003DhEa4AK,Renewal Maintenance,,,,1
0QLWC000003DhEb4AK,Renewal Maintenance,,,,1
0QLWC000003DhEc4AK,Renewal Maintenance,,,,1
0QLWC000003DhEd4AK,Renewal Maintenance,,,,1
0QLWC000003DhEe4AK,Renewal Maintenance,,,,1
0QLWC000003DhEf4AK,Renewal Maintenance,,,,1
0QLWC000003DhEg4AK,Renewal Maintenance,,,,1
0QLWC000003DhEh4AK,Renewal Maintenance,,,,1
0QLWC000003Dha04AC,New Maintenance,,,,2
0QLWC000003Dha24AC,New Maintenance,,,,2
0QLWC000003Dha44AC,New Maintenance,,,,2
0QLWC000003Dhad4AC,Renewal Maintenance,,,,1
0QLWC000003Dhae4AC,Renewal Maintenance,,,,1
0QLWC000003Dhaf4AC,Renewal Maintenance,,,,1
0QLWC000003Dhag4AC,Renewal Maintenance,,,,1
0QLWC000003Dhah4AC,Renewal Maintenance,,,,1
0QLWC000003Dhai4AC,Renewal Maintenance,,,,1
0QLWC000003Dhaj4AC,Renewal Maintenance,,,,1
0QLWC000003Dhak4AC,Renewal Maintenance,,,,1
0QLWC000003Dhal4AC,Renewal Maintenance,,,,1
0QLWC000003Dhap4AC,Renewal Maintenance,,,,1
0QLWC000003Dhaq4AC,Renewal Maintenance,,,,1
0QLWC000003Dhar4AC,Renewal Maintenance,,,,1
0QLWC000003Dhas4AC,Renewal Maintenance,,,,1
0QLWC000003Dhat4AC,Renewal Maintenance,,,,1
0QLWC000003Dhau4AC,Renewal Maintenance,,,,1
0QLWC000003Dhav4AC,Renewal Maintenance,,,,1
0QLWC000003Dhaw4AC,Renewal Maintenance,,,,1
0QLWC000003Dhax4AC,Renewal Maintenance,,,,1
0QLWC000003Dhay4AC,Renewal Maintenance,,,,1
0QLWC000003Dhaz4AC,Renewal Maintenance,,,,1
0QLWC000003Dhb04AC,Renewal Maintenance,,,,1
0QLWC000003Dhb14AC,Renewal Maintenance,,,,1
0QLWC000003Dhb24AC,Renewal Maintenance,,,,1
0QLWC000003Dhb34AC,Renewal Maintenance,,,,1
0QLWC000003Dhb44AC,Renewal Maintenance,,,,1
0QLWC000003Dhb54AC,Renewal Maintenance,,,,1
0QLWC000003Dhb64AC,Renewal Maintenance,,,,1
0QLWC000003DhbA4AS,Renewal Maintenance,,,,1
0QLWC000003DhbB4AS,Renewal Maintenance,,,,1
0QLWC000003DhbC4AS,Renewal Maintenance,,,,1
0QLWC000003DhbD4AS,Renewal Maintenance,,,,1
0QLWC000003DhbE4AS,Renewal Maintenance,,,,1
0QLWC000003DhbF4AS,Renewal Maintenance,,,,1
0QLWC000003DhbG4AS,Renewal Maintenance,,,,1
0QLWC000003Du8p4AC,New Maintenance,,,,1
0QLWC000003Du8q4AC,New Maintenance,,,,1
0QLWC000003Du8r4AC,New Maintenance,,,,1
0QLWC000003Du8s4AC,New Maintenance,,,,1
0QLWC000003Du8t4AC,New Maintenance,,,,1
0QLWC000003Du8u4AC,New Maintenance,,,,1
0QLWC000003Du8v4AC,New Maintenance,,,,1
0QLWC000003Du8w4AC,New Maintenance,,,,1
0QLWC000003Du8x4AC,New Maintenance,,,,1
0QLWC000003Du8y4AC,New Maintenance,,,,1
0QLWC000003Du8z4AC,New Maintenance,,,,1
0QLWC000003Du904AC,New Maintenance,,,,1
0QLWC000003Du914AC,New Maintenance,,,,1
0QLWC000003Du924AC,New Maintenance,,,,1
0QLWC000003Du934AC,New Maintenance,,,,1
0QLWC000003Du944AC,New Maintenance,,,,1
0QLWC000003Du954AC,New Maintenance,,,,1
0QLWC000003Du964AC,New Maintenance,,,,1
0QLWC000003Du974AC,New Maintenance,,,,1
0QLWC000003Du984AC,New Maintenance,,,,1
0QLWC000003Du994AC,New Maintenance,,,,1
0QLWC000003Du9A4AS,New Maintenance,,,,1
0QLWC000003Du9B4AS,New Maintenance,,,,1
0QLWC000003Du9C4AS,New Maintenance,,,,1
0QLWC000003DuA74AK,New Maintenance,,,,4
0QLWC000003DuAI4A0,New Maintenance,,,,1
