QuoteLineItemId,AttributeValue
0QLWC000003cGRp4AM,Standard
0QLWC000003cL1i4AE,Premier
0QLWC000003cUhi4AE,Standard
0QLWC000003cdTF4AY,Standard
0QLWC000003clIk4AI,Standard
0QLWC000003d2OT4AY,Standard
0QLWC000003d2OU4AY,Standard
0QLWC000003d2OW4AY,Standard
0QLWC000003d2OY4AY,Standard
0QLWC000003d2Ok4AI,Standard
0QLWC000003d2Ol4AI,Standard
0QLWC000003d2Om4AI,Standard
0QLWC000003d2Oo4AI,Standard
0QLWC000003d2Op4AI,Standard
0QLWC000003d2Q14AI,Standard
0QLWC000003d2Q34AI,Standard
0QLWC000003d2Q44AI,Standard
0QLWC000003d2Q94AI,Standard
0QLWC000003d2QE4AY,Standard
0QLWC000003d2QG4AY,Standard
0QLWC000003d2QT4AY,Standard
0QLWC000003d2QU4AY,Standard
0QLWC000003d2QV4AY,Standard
0QLWC000003d5uA4AQ,Standard
