Id,QuoteId,Product2.ProductCode,Source_List_Price__c,Base_Price__c,NetUnitPrice,Quantity
0QLWC000003broQ4AQ,0Q0WC0000036elp0AA,FIM-FIM-RNM-CCMLSE,2008,,0,1
0QLWC000003broR4AQ,0Q0WC0000036elp0AA,FIM-FIM-RNM-CCMLSE,2008,,462,1
0QLWC000003cGRp4AM,0Q0WC00000371aL0AQ,PIA-PIA-RNM-PIAMBK,355,355,62.48,1
0QLWC000003cL1i4AE,0Q0WC00000379ZV0AY,GS-GSE-RNM-EFT8,10000,0,3000,1
0QLWC000003cUhi4AE,0Q0WC0000037IHp0AM,PIA-PIA-RNM-PIAMBK,355,355,62.48,1
0QLWC000003cdTF4AY,0Q0WC0000037RZd0AM,RPA-AUT-RNM-AUNM,275000,275000,55000,1
0QLWC000003clIk4AI,0Q0WC0000037Zs90AE,PIA-PIA-RNM-PIAMBK,355,355,62.48,1
0QLWC000003d2OT4AY,0Q0WC0000037rAj0AI,PIA-PIA-RNM-PIAMBK,355,355,71,1
0QLWC000003d2OU4AY,0Q0WC0000037rAj0AI,PIA-PIA-RNM-PIAMBK,355,355,71,1
0QLWC000003d2OW4AY,0Q0WC0000037rAj0AI,PIA-PIA-RNM-PIAMBK,355,355,71,1
0QLWC000003d2OY4AY,0Q0WC0000037rAj0AI,PIA-PIA-RNM-PIAMBK,355,355,71,1
0QLWC000003d2Ok4AI,0Q0WC0000037rAj0AI,PIA-PIA-RNM-PIAMBK,355,355,71,1
0QLWC000003d2Ol4AI,0Q0WC0000037rAj0AI,PIA-PIA-RNM-PIAMBK,355,355,71,1
0QLWC000003d2Om4AI,0Q0WC0000037rAj0AI,PIA-PIA-RNM-PIAMBK,355,355,71,1
0QLWC000003d2Oo4AI,0Q0WC0000037rAj0AI,PIA-PIA-RNM-PIAMBK,355,355,71,1
0QLWC000003d2Op4AI,0Q0WC0000037rAj0AI,PIA-PIA-RNM-PIAMBK,355,355,71,1
0QLWC000003d2Q14AI,0Q0WC0000037rFZ0AY,PIA-PIA-RNM-PIAMBK,355,355,71,1
0QLWC000003d2Q34AI,0Q0WC0000037rFZ0AY,PIA-PIA-RNM-PIAMBK,355,355,71,1
0QLWC000003d2Q44AI,0Q0WC0000037rFZ0AY,PIA-PIA-RNM-PIAMBK,355,355,71,1
0QLWC000003d2Q94AI,0Q0WC0000037rFZ0AY,PIA-PIA-RNM-PIAMBK,355,355,71,1
0QLWC000003d2QE4AY,0Q0WC0000037rFZ0AY,PIA-PIA-RNM-PIAMBK,355,355,71,1
0QLWC000003d2QG4AY,0Q0WC0000037rFZ0AY,PIA-PIA-RNM-PIAMBK,355,355,71,1
0QLWC000003d2QT4AY,0Q0WC0000037rFZ0AY,PIA-PIA-RNM-PIAMBK,355,355,71,1
0QLWC000003d2QU4AY,0Q0WC0000037rFZ0AY,PIA-PIA-RNM-PIAMBK,355,355,71,1
0QLWC000003d2QV4AY,0Q0WC0000037rFZ0AY,PIA-PIA-RNM-PIAMBK,355,355,71,1
0QLWC000003d5uA4AQ,0Q0WC0000037uLV0AY,PIA-PIA-RNM-PIAMBK,355,355,62.48,1
