seq	name	label	stepType	parentStep
1	AllLinesNullSafeFilter	All Lines Null Safe Filter	AdvancedListFilter	ListContainer11
1	AmendFilter	Amend Filter	AdvancedListFilter	AmendNetCarry
1	AttributePricingFilter	Attribute Pricing Filter	AdvancedListFilter	ListContainer
1	AttributePricingFilter8	Attribute Pricing Filter	AdvancedListFilter	ListContainer7
1	AttributeValuePricingCalculatedMode	Attribute Value Pricing - Calculated Mode	AdvancedListFilter	ListContainer6
1	AttributeValuePricingTotalPriceMode	Attribute Value Pricing - Total Price Mode	AdvancedListFilter	ListContainer720
1	AttributeValuePricingUnitPriceMode	Attribute Value Pricing - Unit Price Mode	AdvancedListFilter	ListContainer5
1	COLAUpliftonRenewal	COLA Uplift on Renewal	AdvancedListFilter	ListContainer2
1	ContactedPricing	Contacted Pricing	AdvancedListFilter	ListContainer75
1	DerivedMaintenanceNetFilter	Derived Maintenance Net Filter	AdvancedListFilter	ListContainer9
1	DerivedPricingFilter	Derived Pricing Filter	AdvancedListFilter	ListContainer10
1	DerivedProductsNonRenewal	Derived Products - Non-Renewal	AdvancedListFilter	DerivedProductsNativePull
1	GSAPricing	GSA Pricing	AdvancedListFilter	ListContainer1
1	ListOperation	List Operation	AdvancedListFilter	ListContainer25
1	ListOperation38	List Operation	AdvancedListFilter	SyncInputUnitPriceforDiscountBase
1	ListOperation82	List Operation	AdvancedListFilter	ListContainer81
1	ListOperation85	List Operation	AdvancedListFilter	EvergreenanytimeprorationfilterLinelevel
1	ListOperation89	List Operation	AdvancedListFilter	ListContainer88
1	ListOperation93	List Operation	AdvancedListFilter	ListContainer92
1	ListOperation96	List Operation	AdvancedListFilter	ListContainer95
1	ListOperation99	List Operation	AdvancedListFilter	ListContainer98
1	ManualQuoteLevelDiscount	Manual Quote Level Discount	AdvancedListFilter	ListContainer57
1	OneTimeNetSeedFilter	OneTime Net Seed Filter	AdvancedListFilter	SeedOneTimeNetBeforePartner
1	PartnerDiscount	Partner Discount	AdvancedListFilter	ListContainer3
1	PartnerDiscountDerivedMaintenance64	Partner Discount - Derived Maintenance	AdvancedListFilter	PartnerDiscountDerivedMaintenance
1	LineItemId	Pricing Setting	BusinessKnowledgeModel	
1	QuantityPrice	Quantity * Price	AdvancedListFilter	ListContainer78
1	RegionalServicesPrice	Regional Services Price	AdvancedListFilter	ListContainer4
1	StampBaseFilter	Stamp Base Filter	AdvancedListFilter	StampContributorBasePreDiscount
1	TotalServices	Total Services	AdvancedListFilter	ListContainer8
1	TotalSoftware	Total Software	AdvancedListFilter	Copy1ofListContainer8
1	TotalSubscription	Total Subscription	AdvancedListFilter	Copy1ofCopy1ofListContainer8
1	VolumeDiscounts	Volume Discounts	AdvancedListFilter	ListContainer28
2	formula-section-0-input	Amend Seed Net Unit	BusinessKnowledgeModel	AmendNetCarry
2	section-0-input1	Assignment	BusinessKnowledgeModel	ListContainer88
2	section-0-input1	Assignment	BusinessKnowledgeModel	ListContainer98
2	section-0-input1	Assignment	BusinessKnowledgeModel	ListContainer92
2	PriceAdjustmentScheduleId	Attribute-Based Price	BusinessKnowledgeModel	ListContainer
2	PriceAdjustmentScheduleId	Attribute Discount Entries	BusinessKnowledgeModel	ListContainer7
2	formula-section-0-input	Attribute Value Pricing - Calculated Mode	BusinessKnowledgeModel	ListContainer6
2	section-0-input1	Attribute Value Pricing - Total Price Mode	BusinessKnowledgeModel	ListContainer720
2	section-0-input1	Attribute Value Pricing - Unit Price Mode	BusinessKnowledgeModel	ListContainer5
2	PriceAdjustmentScheduleId	Bundle Based Adjustment Entries	BusinessKnowledgeModel	ListContainer25
2	section-0-input1	COLA Uplift on Renewal	BusinessKnowledgeModel	ListContainer2
2	section-0-input1	Contacted Pricing	BusinessKnowledgeModel	ListContainer75
2	formula-section-0-input	Derived Pricing Formula	BusinessKnowledgeModel	ListContainer9
2	formula-section-0-input	Derived Pricing - NetUnitPrice Value Reset	BusinessKnowledgeModel	ListContainer10
2	Quantity	Derived Products - Renewals	BusinessKnowledgeModel	DerivedProductsNativePull
2	formula-section-0-input	Formula Based Pricing	BusinessKnowledgeModel	ListContainer81
2	formula-section-0-input	GSA Pricing	BusinessKnowledgeModel	ListContainer1
2	formula-section-0-input	Null-Check for Line Adjustment	BusinessKnowledgeModel	ListContainer57
2	formula-section-0-input	Null-Safe Line Adjustment	BusinessKnowledgeModel	ListContainer11
2	formula-section-0-input	OneTime Net Seed	BusinessKnowledgeModel	SeedOneTimeNetBeforePartner
2	AdjustmentType	Partner Discount	BusinessKnowledgeModel	ListContainer3
2	AdjustmentType	Partner Discount - Derived Maintenance	BusinessKnowledgeModel	PartnerDiscountDerivedMaintenance
2	Product2Id	Price Book Entries	BusinessKnowledgeModel	
2	EffectiveFrom	Proration	BusinessKnowledgeModel	EvergreenanytimeprorationfilterLinelevel
2	formula-section-0-input	Quantity * Price	BusinessKnowledgeModel	ListContainer78
2	section-0-input1	Regional Services Price	BusinessKnowledgeModel	ListContainer4
2	formula-section-0-input	Reset Net to Pre-Partner Base	BusinessKnowledgeModel	StampContributorBasePreDiscount
2	section-count	Services Aggregate Price	BusinessKnowledgeModel	ListContainer8
2	section-count	Software Aggregate Price	BusinessKnowledgeModel	Copy1ofListContainer8
2	section-count	Subscription Aggregate Price	BusinessKnowledgeModel	Copy1ofCopy1ofListContainer8
2	Quantity	Subscription Pricing	BusinessKnowledgeModel	ListContainer95
2	section-0-input1	Sync InputUnitPrice from Net	BusinessKnowledgeModel	SyncInputUnitPriceforDiscountBase
2	PriceAdjustmentScheduleId	Volume Discount Entries	BusinessKnowledgeModel	ListContainer28
3	formula-section-0-input	Amend Seed Net Total	BusinessKnowledgeModel	AmendNetCarry
3	formula-section-0-input	Attribute Value Pricing - Calculated Mode Net Bridge	BusinessKnowledgeModel	ListContainer6
3	formula-section-0-input	Attribute Value Pricing - Total Price Mode Net Bridge	BusinessKnowledgeModel	ListContainer720
3	formula-section-0-input	Attribute Value Pricing - Unit Price Mode Net Bridge	BusinessKnowledgeModel	ListContainer5
3	section-0-input1	COLA Uplift Net on Renewal	BusinessKnowledgeModel	ListContainer2
3	section-0-input1	Pricing Effective Dates	BusinessKnowledgeModel	
3	formula-section-0-input	Reset Amount Base From List	BusinessKnowledgeModel	ListContainer57
3	section-0-input1	Stamp Base_Price and Pre_Partner from Net	BusinessKnowledgeModel	StampContributorBasePreDiscount
3	section-0-input1	Stamp Partner Unit Price - Derived Maintenance	BusinessKnowledgeModel	PartnerDiscountDerivedMaintenance
3	Quantity	Subscription Pricing	BusinessKnowledgeModel	EvergreenanytimeprorationfilterLinelevel
3	Quantity	Subscription Pricing	BusinessKnowledgeModel	ListContainer88
4	formula-section-0-input	Attribute Value Pricing - Calculated Mode Base Bridge	BusinessKnowledgeModel	ListContainer6
4	formula-section-0-input	Attribute Value Pricing - Total Price Mode Base Bridge	BusinessKnowledgeModel	ListContainer720
4	formula-section-0-input	Attribute Value Pricing - Unit Price Mode Base Bridge	BusinessKnowledgeModel	ListContainer5
4	ListContainer	List Container	ListGroup	
4	AdjustmentType	Manual Discount - Derived Maintenance	BusinessKnowledgeModel	PartnerDiscountDerivedMaintenance
4	AdjustmentType	Manual Quote Level Amount-Based (Line-Level)	BusinessKnowledgeModel	ListContainer57
5	ListContainer7	List Container	ListGroup	
5	AdjustmentType	Manual Quote Level Percentage-Based (Line-Level)	BusinessKnowledgeModel	ListContainer57
6	ListContainer5	List Container 5	ListGroup	
7	ListContainer6	List Container 6	ListGroup	
8	ListContainer720	List Container 7	ListGroup	
9	ListContainer25	List Container	ListGroup	
10	ListContainer28	List Container	ListGroup	
11	ListContainer4	List Container 4	ListGroup	
12	ListContainer1	List Container 1	ListGroup	
13	SyncInputUnitPriceforDiscountBase	Sync InputUnitPrice for Discount Base	ListGroup	
14	StampContributorBasePreDiscount	Stamp Contributor Base (Pre-Discount)	ListGroup	
15	DerivedProductsNativePull	Derived Products - Native Pull	ListGroup	
16	ListContainer9	List Container 9	ListGroup	
17	formula-section-0-input	Discount Percent	BusinessKnowledgeModel	
18	SeedOneTimeNetBeforePartner	Seed OneTime Net Before Partner	ListGroup	
19	ListContainer3	List Container 3	ListGroup	
20	ListContainer57	List Container	ListGroup	
21	PartnerDiscountDerivedMaintenance	Partner Discount - Derived Maintenance	ListGroup	
22	ListContainer10	List Container 10	ListGroup	
23	ListContainer2	List Container 2	ListGroup	
24	ListContainer75	List Container	ListGroup	
25	ListContainer78	List Container	ListGroup	
26	ListContainer81	List Container	ListGroup	
27	EvergreenanytimeprorationfilterLinelevel	Evergreen anytime proration filter (Line level)	ListGroup	
28	ListContainer88	List Container	ListGroup	
29	ListContainer92	List Container	ListGroup	
30	ListContainer95	List Container	ListGroup	
31	ListContainer98	List Container	ListGroup	
32	formula-section-0-input	Reset Total Services (K-09 zero-init)	BusinessKnowledgeModel	
33	formula-section-0-input	Reset Total Software (K-09 zero-init)	BusinessKnowledgeModel	
34	formula-section-0-input	Reset Total Subscription (K-09 zero-init)	BusinessKnowledgeModel	
35	ListContainer8	List Container 8	ListGroup	
36	Copy1ofListContainer8	Copy 1 of List Container 8	ListGroup	
37	Copy1ofCopy1ofListContainer8	Copy 1 of Copy 1 of List Container 8	ListGroup	
38	formula-section-0-input	Currency Conversion - Net Unit Price	BusinessKnowledgeModel	
39	formula-section-0-input	Currency Conversion - Unit Price Display	BusinessKnowledgeModel	
40	formula-section-0-input	Currency Conversion - Net Total / Subtotal	BusinessKnowledgeModel	
41	formula-section-0-input	Currency Conversion - Total Line Amount	BusinessKnowledgeModel	
42	AmendNetCarry	Amend Net Carry	ListGroup	
43	section-count	Total Amount	BusinessKnowledgeModel	
44	formula-section-0-input	Formula Based Pricing 3	BusinessKnowledgeModel	
45	section-count	Aggregate Price	BusinessKnowledgeModel	
46	section-count	Aggregate Price	BusinessKnowledgeModel	
47	ListContainer11	List Container 11	ListGroup	
48	section-0-input1	Assignment	BusinessKnowledgeModel	
