Id,Name,OwnerId,StageName,Territory__c,Territory__r.Name,CreatedDate,CreatedBy.Name
006WC00000QPX3RYAX,test 3 auto terr,005WC00000J7TgBYAV,Pricing & Approval,a0hWC0000022HUCYA2,Cyber-Defensive Security-New York,2026-05-29T14:21:21.000+0000,Andy Kumar
006WC00000QPW7NYAX,test 2 auto terr,005WC00000J6kB9YAJ,Evaluating,,,2026-05-29T14:11:53.000+0000,Andy Kumar
006WC00000QPVrFYAX,test 1 auto territory,005WC00000J6kB9YAJ,Evaluating,,,2026-05-29T14:06:17.000+0000,Andy Kumar
006WC00000QOt0GYAT,test 1 no territory,005WC00000J7TgBYAV,Evaluating,,,2026-05-29T14:03:29.000+0000,Andy Kumar
006WC00000QNoTNYA1,Wren - Test Opp Conversion,005WC00000J6kB9YAJ,Order Processing,a0hWC0000022HvPYAU,Cyber-Defensive Security-Alabama,2026-05-28T21:40:23.000+0000,German Wren
006WC00000QNjFCYA1,t52,005WC00000JVQOHYA5,Order Processing,a0hWC0000022HF5YAM,Cyber-Offensive Security-,2026-05-28T21:28:58.000+0000,Andy Kumar
006WC00000QNfGPYA1,re test 1,005WC00000J6kB9YAJ,Order Processing,a0hWC0000022HUCYA2,Cyber-Defensive Security-New York,2026-05-28T19:59:16.000+0000,Andy Kumar
006WC00000QJTiZYAX,Testing conversion - Jim Rogers,005WC00000Fa65eYAB,Closed Won,,,2026-05-27T16:34:44.000+0000,Jill Rablin
006WC00000Q3VhpYAF,Converted Inquiry,005WC00000FE1EvYAL,Closed Lost,a0hWC0000022qCgYAI,Cyber-Defensive Security-Wisconsin,2026-05-21T16:53:41.000+0000,Greg Schweitzer
